first_name,last_name,age,field
PATRICK,GARRISON,21,Business
PATRICK,JAMES,22,Science
JAMES,GARCIA,23,Education
EMILY,DECKER,24,Law
MARK,WILLIAMS,25,Education
ADRIAN,WALTON,26,Business
ROY,HOLLAND,27,Engineering
CHRISTINE,WILSON,28,Law
NICHOLAS,WHITE,29,Medical
JULIA,DAVIS,30,Science
EMILY,MILLER,31,Law
STACEY,GUZMAN,32,Science
JEREMY,THOMPSON,33,Law
SHARON,MELTON,34,Engineering
IAN,SNYDER,35,Arts
HEATHER,EDWARDS,36,Education
KRISTI,NELSON,37,Engineering
EMMA,ROBINSON,38,Medical
DAVID,WILKINS,39,Business
MELISSA,JOHNSON,40,Business
MELISSA,PETERSON,41,Medical
JOHNNY,MILLER,42,Arts
CONNIE,TUCKER,43,Education
JOSEPH,WILLIAMS,44,Medical
MARK,NUNEZ,45,Law
PENNY,PITTS,46,Medical
BRIAN,HENSON,47,Arts
VICKIE,DAVIS,48,Law
KATHERINE,BLACK,49,Engineering
KENDRA,ABBOTT,50,Business
SCOTT,MARKS,51,Engineering
JEREMY,DOUGHERTY,52,Education
LISA,GREEN,53,Engineering
ELIZABETH,CARTER,54,Arts
RHONDA,WILLIAMS,55,Engineering
SCOTT,SANCHEZ,56,Education
JON,FLORES,57,Business
MELISSA,MCKINNEY,58,Business
ALEX,GIBSON,59,Arts
PATTY,MORENO,60,Business
AMANDA,JOHNSON,61,Business
EMILY,MCCULLOUGH,62,Arts
MORGAN,PARKER,63,Law
GREGORY,SMITH,64,Arts
MELISSA,TURNER,65,Education
YOLANDA,LANE,66,Medical
JACKIE,NELSON,67,Arts
CONNIE,WHITEHEAD,68,Business
ANGELA,ONEAL,69,Medical
JAMIE,JOSEPH,70,Engineering
RICHARD,THOMAS,71,Medical
STEVEN,MEDINA,72,Law
DANIEL,BELTRAN,73,Education
KIM,MARTIN,74,Education
JOEL,STANTON,75,Business
ASHLEY,HILL,76,Science
KIMBERLY,DIAZ,77,Education
DIAMOND,MACK,78,Engineering
STEVEN,GARRETT,79,Medical
MEGAN,WILLIAMS,80,Science
SHEILA,KENT,81,Arts
JILL,TODD,82,Medical
FREDERICK,PHILLIPS,83,Medical
BRIANNA,RUIZ,84,Law
TONYA,FOSTER,85,Engineering
DEBORAH,GARCIA,86,Science
DONNA,WRIGHT,87,Law
ROBERT,DELGADO,88,Education
SARAH,MARTIN,89,Education
TROY,CHAN,90,Engineering
THOMAS,GOMEZ,91,Arts
JILL,BERRY,92,Medical
JENNIFER,RAMIREZ,93,Engineering
THOMAS,HILL,94,Engineering
SCOTT,TURNER,95,Law
PETER,JACKSON,96,Education
JASON,FLORES,97,Engineering
MADISON,GRAY,98,Education
RONALD,SMITH,99,Education
JOHN,RODRIGUEZ,100,Medical
MORGAN,BOONE,101,Medical
ROBERT,ELLIS,102,Medical
TAYLOR,MONTES,103,Medical
BRIAN,PRICE,104,Engineering
KRISTIN,VASQUEZ,105,Education
AARON,HILL,106,Business
MELINDA,HUGHES,107,Medical
MICHAEL,THOMPSON,108,Medical
BETHANY,POWELL,109,Law
REBECCA,JACKSON,110,Arts
MATTHEW,WILSON,111,Law
TROY,MARTINEZ,112,Education
RENEE,EDWARDS,113,Engineering
CHARLES,PERKINS,114,Business
DANIELLE,SMITH,115,Medical
JERRY,NOVAK,116,Business
MELISSA,SOTO,117,Science
RACHEL,NICHOLSON,118,Education
THOMAS,MERRITT,119,Law
THOMAS,STRICKLAND,24,Business
LISA,LEWIS,29,Engineering
BRITTNEY,DUDLEY,23,Medical
BRIAN,CARTER,29,Law
CONNOR,PETERS,29,Education
DANIELLE,LIU,23,Science
DEANNA,LIVINGSTON,24,Education
CHRISTOPHER,SMITH,24,Science
CARMEN,MCGRATH,25,Engineering
BRITTANY,DONALDSON,24,Law
RACHEL,THOMPSON,30,Arts
BRIAN,RICHARDS,26,Law
EMILY,STEVENS,29,Science
VERONICA,SMITH,29,Engineering
MICHAEL,RAMIREZ,22,Arts
ANTHONY,EVERETT,29,Law
JENNIFER,MILLER,22,Science
ISABEL,WILCOX,22,Medical
LAURA,WANG,24,Business
KYLE,MONROE,29,Education
COURTNEY,LARSON,27,Medical
DANNY,WAGNER,28,Science
RICKY,DAVIS,25,Education
ANDREW,HILL,30,Science
ALAN,HANEY,25,Business
AMY,PALMER,21,Arts
JOSEPH,WILLIAMS,26,Engineering
MICHAEL,PRICE,30,Education
GARY,MEADOWS,30,Business
DANIELLE,REYNOLDS,28,Business
LORI,BENNETT,30,Arts
AUDREY,WALLS,29,Arts
KEVIN,GRAHAM,21,Science
ASHLEY,CLAYTON,22,Science
RICARDO,DUNN,28,Engineering
ALICIA,MENDOZA,24,Arts
HEATHER,BLANCHARD,29,Medical
ANGELICA,MCMAHON,26,Medical
MICHELLE,JOHNSTON,22,Arts
JENNIFER,CLARK,23,Business
NATHAN,BENSON,30,Engineering
KAYLA,COLLINS,28,Law
WILLIAM,NAVARRO,25,Business
SHARON,KERR,29,Law
NATHANIEL,RICHARDSON,26,Arts
EILEEN,MOORE,30,Science
MARY,STOKES,29,Education
STEPHEN,KELLY,30,Business
LAUREN,BROWN,30,Engineering
DOUGLAS,ADAMS,23,Medical
KATHERINE,SHELTON,26,Medical
ERIC,BLAIR,27,Science
JEFF,WATSON,24,Engineering
DYLAN,YOUNG,30,Education
PARKER,HORTON,29,Education
ELIZABETH,HALE,25,Engineering
BRADLEY,ADAMS,28,Science
AMY,BUSH,23,Law
PATRICK,ORTIZ,26,Law
JONATHAN,POWELL,21,Medical
CRAIG,CAMPBELL,27,Business
STEPHEN,JOSEPH,22,Education
PATRICIA,GARRISON,21,Business
WARREN,COLE,28,Law
ERIN,HENSLEY,22,Law
JOHN,GARCIA,21,Medical
SARAH,WILSON,27,Education
DAVID,RICHARDS,29,Medical
RENEE,GREEN,23,Business
MELANIE,SIMS,26,Education
DEBBIE,STEVENSON,25,Engineering
ELIZABETH,DUNN,22,Medical
SARA,WOLF,30,Medical
SYLVIA,MORENO,23,Law
DEREK,NOVAK,28,Business
KYLE,JENNINGS,30,Law
LESLIE,MEYER,29,Science
MARTHA,PEREZ,26,Science
SAMANTHA,RAMIREZ,21,Medical
CHRISTOPHER,STEIN,24,Medical
CYNTHIA,YU,28,Business
