Book_ID,Title,Author,Genre,Publication_Year,Available_Copies
1,Book 1,Author 417,Mystery,2000,2
2,Book 2,Author 334,Mystery,2001,18
3,Book 3,Author 173,Biography,1996,12
4,Book 4,Author 431,Mystery,1950,12
5,Book 5,Author 35,Mystery,1958,7
6,Book 6,Author 114,Mystery,1982,20
7,Book 7,Author 246,Mystery,1998,16
8,Book 8,Author 466,Non-Fiction,2019,14
9,Book 9,Author 3,Mystery,1998,10
10,Book 10,Author 171,Science,2015,4
11,Book 11,Author 132,Science,1964,4
12,Book 12,Author 466,Science,2015,3
13,Book 13,Author 436,Biography,2012,19
14,Book 14,Author 184,Science,2001,3
15,Book 15,Author 200,Mystery,2000,4
16,Book 16,Author 454,Non-Fiction,1988,9
17,Book 17,Author 110,Science,2007,5
18,Book 18,Author 337,Biography,1973,6
19,Book 19,Author 302,Biography,1978,17
20,Book 20,Author 123,Mystery,1991,2
21,Book 21,Author 187,Biography,1988,10
22,Book 22,Author 494,Fiction,2022,14
23,Book 23,Author 59,Science,2014,12
24,Book 24,Author 142,Non-Fiction,2012,10
25,Book 25,Author 189,Non-Fiction,2005,1
26,Book 26,Author 170,Biography,1966,3
27,Book 27,Author 142,Fiction,1974,19
28,Book 28,Author 340,Mystery,2015,20
29,Book 29,Author 38,Mystery,1991,2
30,Book 30,Author 419,Fiction,1977,7
31,Book 31,Author 137,Biography,1994,19
32,Book 32,Author 10,Mystery,1990,19
33,Book 33,Author 57,Science,1952,1
34,Book 34,Author 380,Biography,2023,6
35,Book 35,Author 455,Non-Fiction,2014,5
36,Book 36,Author 265,Non-Fiction,2008,8
37,Book 37,Author 293,Mystery,1969,10
38,Book 38,Author 42,Science,1988,11
39,Book 39,Author 157,Fiction,2012,15
40,Book 40,Author 497,Biography,1978,8
41,Book 41,Author 331,Science,1968,19
42,Book 42,Author 162,Fiction,1950,12
43,Book 43,Author 17,Mystery,2009,6
44,Book 44,Author 395,Mystery,1970,1
45,Book 45,Author 224,Science,1951,12
46,Book 46,Author 413,Science,2001,6
47,Book 47,Author 160,Science,2007,10
48,Book 48,Author 65,Mystery,1955,19
49,Book 49,Author 22,Mystery,1985,15
50,Book 50,Author 54,Fiction,1955,13
51,Book 51,Author 165,Science,2009,12
52,Book 52,Author 411,Non-Fiction,1953,4
53,Book 53,Author 407,Mystery,2011,1
54,Book 54,Author 205,Non-Fiction,1990,17
55,Book 55,Author 29,Fiction,1993,5
56,Book 56,Author 63,Fiction,2022,12
57,Book 57,Author 353,Science,2017,17
58,Book 58,Author 260,Fiction,1983,18
59,Book 59,Author 194,Non-Fiction,1978,8
60,Book 60,Author 350,Non-Fiction,1957,18
61,Book 61,Author 420,Non-Fiction,1953,14
62,Book 62,Author 131,Mystery,2002,1
63,Book 63,Author 205,Science,1986,19
64,Book 64,Author 269,Biography,2018,2
65,Book 65,Author 445,Biography,2016,12
66,Book 66,Author 16,Science,2017,13
67,Book 67,Author 94,Science,1975,3
68,Book 68,Author 121,Biography,1983,2
69,Book 69,Author 286,Science,2002,18
70,Book 70,Author 108,Biography,1951,9
71,Book 71,Author 157,Non-Fiction,1963,6
72,Book 72,Author 36,Non-Fiction,1995,10
73,Book 73,Author 438,Mystery,1966,6
74,Book 74,Author 46,Fiction,2011,6
75,Book 75,Author 224,Non-Fiction,2009,4
76,Book 76,Author 272,Biography,1985,11
77,Book 77,Author 140,Biography,2001,4
78,Book 78,Author 53,Fiction,2016,20
79,Book 79,Author 368,Fiction,1989,15
80,Book 80,Author 309,Non-Fiction,1992,15
81,Book 81,Author 291,Mystery,2008,10
82,Book 82,Author 328,Non-Fiction,1988,1
83,Book 83,Author 4,Biography,2007,13
84,Book 84,Author 35,Mystery,1978,1
85,Book 85,Author 497,Science,1995,4
86,Book 86,Author 4,Non-Fiction,1987,5
87,Book 87,Author 81,Mystery,1952,7
88,Book 88,Author 353,Mystery,2004,11
89,Book 89,Author 269,Fiction,1951,12
90,Book 90,Author 121,Non-Fiction,2023,16
91,Book 91,Author 354,Science,1973,18
92,Book 92,Author 198,Non-Fiction,1974,13
93,Book 93,Author 392,Non-Fiction,1970,5
94,Book 94,Author 12,Mystery,2020,20
95,Book 95,Author 227,Fiction,1987,7
96,Book 96,Author 288,Science,1954,5
97,Book 97,Author 152,Biography,2005,12
98,Book 98,Author 341,Science,1972,6
99,Book 99,Author 71,Fiction,2002,12
100,Book 100,Author 307,Biography,1989,1
101,Book 101,Author 308,Non-Fiction,1977,2
102,Book 102,Author 328,Biography,1984,6
103,Book 103,Author 133,Non-Fiction,1992,6
104,Book 104,Author 33,Mystery,1970,13
105,Book 105,Author 419,Biography,1980,16
106,Book 106,Author 107,Non-Fiction,1972,12
107,Book 107,Author 18,Science,2019,10
108,Book 108,Author 454,Biography,1958,9
109,Book 109,Author 329,Mystery,1978,2
110,Book 110,Author 35,Biography,1975,3
111,Book 111,Author 94,Non-Fiction,1952,18
112,Book 112,Author 398,Fiction,1979,5
113,Book 113,Author 236,Fiction,2012,15
114,Book 114,Author 111,Biography,1986,1
115,Book 115,Author 424,Non-Fiction,1950,16
116,Book 116,Author 207,Non-Fiction,2004,18
117,Book 117,Author 459,Mystery,1984,2
118,Book 118,Author 17,Science,2007,6
119,Book 119,Author 167,Biography,1990,8
120,Book 120,Author 403,Biography,2003,11
121,Book 121,Author 301,Non-Fiction,2007,4
122,Book 122,Author 276,Biography,1954,11
123,Book 123,Author 72,Mystery,2014,6
124,Book 124,Author 249,Non-Fiction,1952,3
125,Book 125,Author 70,Mystery,2002,4
126,Book 126,Author 287,Fiction,1954,2
127,Book 127,Author 133,Science,1960,2
128,Book 128,Author 61,Biography,1999,20
129,Book 129,Author 372,Science,2008,13
130,Book 130,Author 348,Biography,2019,10
131,Book 131,Author 326,Biography,1990,16
132,Book 132,Author 11,Mystery,1976,2
133,Book 133,Author 71,Science,1969,1
134,Book 134,Author 340,Biography,1983,1
135,Book 135,Author 435,Non-Fiction,1952,5
136,Book 136,Author 225,Science,1976,14
137,Book 137,Author 213,Fiction,2011,1
138,Book 138,Author 367,Mystery,1954,13
139,Book 139,Author 102,Science,1962,1
140,Book 140,Author 232,Biography,1955,19
141,Book 141,Author 268,Science,1967,16
142,Book 142,Author 349,Non-Fiction,1958,8
143,Book 143,Author 141,Fiction,1973,10
144,Book 144,Author 415,Fiction,1966,8
145,Book 145,Author 448,Science,1998,19
146,Book 146,Author 205,Mystery,1982,19
147,Book 147,Author 465,Non-Fiction,2012,18
148,Book 148,Author 326,Biography,1957,20
149,Book 149,Author 177,Biography,1990,12
150,Book 150,Author 424,Biography,1965,19
151,Book 151,Author 46,Non-Fiction,1995,9
152,Book 152,Author 270,Science,2013,8
153,Book 153,Author 348,Biography,2018,4
154,Book 154,Author 273,Biography,1975,17
155,Book 155,Author 384,Non-Fiction,1966,8
156,Book 156,Author 266,Biography,1972,2
157,Book 157,Author 338,Fiction,1987,16
158,Book 158,Author 296,Fiction,1957,2
159,Book 159,Author 336,Mystery,2023,19
160,Book 160,Author 163,Non-Fiction,1954,12
161,Book 161,Author 173,Non-Fiction,2015,6
162,Book 162,Author 54,Biography,1951,5
163,Book 163,Author 86,Science,1970,12
164,Book 164,Author 359,Fiction,2017,19
165,Book 165,Author 478,Science,2019,4
166,Book 166,Author 219,Biography,1969,6
167,Book 167,Author 214,Mystery,1976,16
168,Book 168,Author 210,Science,1984,7
169,Book 169,Author 356,Fiction,1968,16
170,Book 170,Author 151,Science,1965,19
171,Book 171,Author 306,Mystery,1976,6
172,Book 172,Author 268,Biography,1950,8
173,Book 173,Author 152,Fiction,1970,15
174,Book 174,Author 385,Non-Fiction,2002,6
175,Book 175,Author 263,Biography,2015,19
176,Book 176,Author 31,Non-Fiction,1991,14
177,Book 177,Author 319,Non-Fiction,1991,13
178,Book 178,Author 190,Mystery,1975,19
179,Book 179,Author 296,Science,1988,17
180,Book 180,Author 43,Mystery,2011,2
181,Book 181,Author 240,Non-Fiction,1999,1
182,Book 182,Author 488,Biography,1967,17
183,Book 183,Author 128,Biography,1958,15
184,Book 184,Author 266,Non-Fiction,2018,12
185,Book 185,Author 420,Fiction,2012,3
186,Book 186,Author 208,Non-Fiction,1999,20
187,Book 187,Author 469,Fiction,2021,14
188,Book 188,Author 120,Non-Fiction,2004,2
189,Book 189,Author 405,Mystery,2022,13
190,Book 190,Author 439,Fiction,1984,10
191,Book 191,Author 203,Science,2000,19
192,Book 192,Author 334,Biography,1952,18
193,Book 193,Author 423,Non-Fiction,1983,15
194,Book 194,Author 21,Fiction,1970,7
195,Book 195,Author 377,Science,1970,8
196,Book 196,Author 193,Science,2012,3
197,Book 197,Author 6,Fiction,2018,20
198,Book 198,Author 390,Mystery,2011,4
199,Book 199,Author 484,Non-Fiction,1991,20
200,Book 200,Author 258,Non-Fiction,1969,2
201,Book 201,Author 372,Fiction,1993,20
202,Book 202,Author 191,Fiction,1992,5
203,Book 203,Author 421,Non-Fiction,1960,2
204,Book 204,Author 486,Biography,2013,14
205,Book 205,Author 493,Fiction,2005,6
206,Book 206,Author 114,Biography,1952,4
207,Book 207,Author 313,Science,1963,12
208,Book 208,Author 282,Fiction,1987,18
209,Book 209,Author 207,Non-Fiction,1972,13
210,Book 210,Author 445,Science,1955,13
211,Book 211,Author 148,Non-Fiction,1993,18
212,Book 212,Author 193,Science,1956,9
213,Book 213,Author 77,Fiction,2009,19
214,Book 214,Author 240,Mystery,2017,20
215,Book 215,Author 444,Non-Fiction,2006,19
216,Book 216,Author 21,Science,1984,18
217,Book 217,Author 141,Biography,1973,7
218,Book 218,Author 301,Fiction,1956,17
219,Book 219,Author 102,Biography,1965,16
220,Book 220,Author 134,Mystery,2012,18
221,Book 221,Author 141,Mystery,2014,18
222,Book 222,Author 68,Science,1963,1
223,Book 223,Author 481,Science,2008,14
224,Book 224,Author 292,Mystery,2003,11
225,Book 225,Author 301,Science,1991,15
226,Book 226,Author 49,Biography,1969,11
227,Book 227,Author 83,Biography,1998,3
228,Book 228,Author 138,Non-Fiction,1997,11
229,Book 229,Author 423,Science,2020,18
230,Book 230,Author 357,Mystery,1980,19
231,Book 231,Author 333,Fiction,1995,9
232,Book 232,Author 247,Science,1998,16
233,Book 233,Author 425,Science,1963,2
234,Book 234,Author 33,Science,1952,7
235,Book 235,Author 239,Biography,1954,9
236,Book 236,Author 404,Biography,1997,9
237,Book 237,Author 361,Science,1968,9
238,Book 238,Author 36,Biography,1989,14
239,Book 239,Author 354,Biography,2004,19
240,Book 240,Author 237,Science,1981,19
241,Book 241,Author 494,Mystery,1971,7
242,Book 242,Author 284,Non-Fiction,1998,11
243,Book 243,Author 84,Biography,1999,8
244,Book 244,Author 229,Science,1997,7
245,Book 245,Author 306,Mystery,1966,1
246,Book 246,Author 311,Science,2005,10
247,Book 247,Author 352,Fiction,2001,8
248,Book 248,Author 444,Mystery,2004,19
249,Book 249,Author 487,Mystery,1975,16
250,Book 250,Author 196,Non-Fiction,1995,13
251,Book 251,Author 262,Fiction,1972,5
252,Book 252,Author 462,Science,1978,1
253,Book 253,Author 198,Science,1981,4
254,Book 254,Author 190,Fiction,2022,16
255,Book 255,Author 85,Biography,1995,19
256,Book 256,Author 363,Biography,1995,18
257,Book 257,Author 31,Science,1980,5
258,Book 258,Author 121,Fiction,1973,17
259,Book 259,Author 49,Mystery,1987,6
260,Book 260,Author 53,Fiction,1998,9
261,Book 261,Author 301,Non-Fiction,1962,19
262,Book 262,Author 276,Fiction,1970,18
263,Book 263,Author 202,Science,1980,1
264,Book 264,Author 122,Biography,1975,10
265,Book 265,Author 136,Science,1963,4
266,Book 266,Author 255,Non-Fiction,1963,19
267,Book 267,Author 321,Science,1997,19
268,Book 268,Author 254,Biography,1970,13
269,Book 269,Author 451,Science,1999,8
270,Book 270,Author 61,Science,1991,5
271,Book 271,Author 2,Fiction,1998,12
272,Book 272,Author 143,Fiction,1996,6
273,Book 273,Author 45,Fiction,2021,9
274,Book 274,Author 398,Science,2012,12
275,Book 275,Author 423,Fiction,2010,2
276,Book 276,Author 120,Non-Fiction,2018,3
277,Book 277,Author 306,Science,2011,19
278,Book 278,Author 244,Mystery,1997,17
279,Book 279,Author 487,Science,1964,10
280,Book 280,Author 339,Fiction,2012,18
281,Book 281,Author 382,Non-Fiction,1962,19
282,Book 282,Author 196,Fiction,1984,15
283,Book 283,Author 454,Fiction,2004,3
284,Book 284,Author 140,Fiction,2011,2
285,Book 285,Author 431,Biography,1976,1
286,Book 286,Author 41,Biography,1956,10
287,Book 287,Author 347,Fiction,2010,12
288,Book 288,Author 469,Biography,1983,20
289,Book 289,Author 99,Fiction,1954,17
290,Book 290,Author 368,Fiction,1970,11
291,Book 291,Author 113,Mystery,1975,2
292,Book 292,Author 335,Science,1970,11
293,Book 293,Author 480,Non-Fiction,1958,16
294,Book 294,Author 168,Science,2022,17
295,Book 295,Author 461,Fiction,1971,18
296,Book 296,Author 374,Fiction,1986,15
297,Book 297,Author 53,Non-Fiction,1991,3
298,Book 298,Author 346,Biography,2001,15
299,Book 299,Author 144,Mystery,1968,1
300,Book 300,Author 412,Non-Fiction,2018,20
301,Book 301,Author 38,Biography,2014,3
302,Book 302,Author 60,Biography,2001,20
303,Book 303,Author 494,Science,2020,4
304,Book 304,Author 61,Biography,1952,8
305,Book 305,Author 7,Non-Fiction,1988,4
306,Book 306,Author 218,Science,2021,5
307,Book 307,Author 44,Biography,1990,12
308,Book 308,Author 425,Mystery,1956,9
309,Book 309,Author 494,Science,1952,14
310,Book 310,Author 231,Mystery,1954,7
311,Book 311,Author 51,Mystery,1991,14
312,Book 312,Author 154,Mystery,1992,6
313,Book 313,Author 54,Non-Fiction,1950,19
314,Book 314,Author 36,Science,1993,4
315,Book 315,Author 422,Fiction,1994,16
316,Book 316,Author 64,Fiction,1963,13
317,Book 317,Author 223,Fiction,2008,4
318,Book 318,Author 405,Fiction,1981,16
319,Book 319,Author 114,Fiction,2001,1
320,Book 320,Author 27,Non-Fiction,1957,15
321,Book 321,Author 184,Science,1973,3
322,Book 322,Author 103,Fiction,1992,11
323,Book 323,Author 359,Biography,1960,15
324,Book 324,Author 209,Biography,1969,8
325,Book 325,Author 473,Fiction,1966,12
326,Book 326,Author 493,Fiction,2006,2
327,Book 327,Author 395,Non-Fiction,2016,14
328,Book 328,Author 467,Mystery,1951,20
329,Book 329,Author 28,Non-Fiction,2022,6
330,Book 330,Author 203,Non-Fiction,1962,7
331,Book 331,Author 378,Biography,1970,5
332,Book 332,Author 37,Science,1994,18
333,Book 333,Author 307,Biography,1958,17
334,Book 334,Author 377,Non-Fiction,1994,6
335,Book 335,Author 271,Science,1987,8
336,Book 336,Author 316,Science,1971,14
337,Book 337,Author 100,Biography,2021,1
338,Book 338,Author 143,Science,2005,19
339,Book 339,Author 462,Biography,2023,5
340,Book 340,Author 155,Non-Fiction,1975,11
341,Book 341,Author 202,Fiction,1992,17
342,Book 342,Author 7,Science,1998,11
343,Book 343,Author 13,Science,1970,1
344,Book 344,Author 49,Mystery,1950,13
345,Book 345,Author 444,Fiction,1985,10
346,Book 346,Author 18,Biography,1965,3
347,Book 347,Author 461,Fiction,1996,16
348,Book 348,Author 5,Fiction,1969,4
349,Book 349,Author 289,Non-Fiction,2010,13
350,Book 350,Author 62,Biography,1960,19
351,Book 351,Author 487,Science,2003,19
352,Book 352,Author 32,Biography,2013,2
353,Book 353,Author 279,Mystery,2014,9
354,Book 354,Author 277,Non-Fiction,1964,9
355,Book 355,Author 107,Non-Fiction,1984,18
356,Book 356,Author 30,Non-Fiction,1980,5
357,Book 357,Author 296,Science,1990,8
358,Book 358,Author 345,Fiction,1991,16
359,Book 359,Author 460,Fiction,1986,20
360,Book 360,Author 103,Mystery,1970,20
361,Book 361,Author 240,Fiction,2012,5
362,Book 362,Author 77,Mystery,2002,2
363,Book 363,Author 363,Mystery,2020,3
364,Book 364,Author 173,Non-Fiction,1990,7
365,Book 365,Author 456,Biography,2006,12
366,Book 366,Author 450,Fiction,1981,13
367,Book 367,Author 191,Non-Fiction,1991,10
368,Book 368,Author 165,Non-Fiction,1980,8
369,Book 369,Author 138,Biography,2005,13
370,Book 370,Author 277,Science,1982,8
371,Book 371,Author 191,Non-Fiction,1973,19
372,Book 372,Author 392,Non-Fiction,1967,17
373,Book 373,Author 359,Non-Fiction,1988,9
374,Book 374,Author 410,Biography,2020,4
375,Book 375,Author 450,Mystery,2009,1
376,Book 376,Author 281,Biography,1961,4
377,Book 377,Author 150,Fiction,2018,17
378,Book 378,Author 378,Science,1952,12
379,Book 379,Author 400,Biography,2010,16
380,Book 380,Author 236,Non-Fiction,2000,13
381,Book 381,Author 19,Mystery,2001,12
382,Book 382,Author 157,Non-Fiction,2021,1
383,Book 383,Author 343,Science,1988,8
384,Book 384,Author 385,Mystery,1997,15
385,Book 385,Author 457,Biography,1952,4
386,Book 386,Author 142,Science,2000,14
387,Book 387,Author 167,Mystery,1962,4
388,Book 388,Author 466,Biography,2014,13
389,Book 389,Author 55,Non-Fiction,2012,15
390,Book 390,Author 70,Fiction,2009,1
391,Book 391,Author 338,Fiction,2003,4
392,Book 392,Author 392,Biography,2020,1
393,Book 393,Author 347,Science,1965,8
394,Book 394,Author 98,Science,1989,8
395,Book 395,Author 441,Non-Fiction,1979,1
396,Book 396,Author 33,Fiction,2003,1
397,Book 397,Author 162,Non-Fiction,1981,18
398,Book 398,Author 26,Science,1984,16
399,Book 399,Author 257,Non-Fiction,1969,1
400,Book 400,Author 270,Non-Fiction,1953,1
401,Book 401,Author 15,Biography,2000,7
402,Book 402,Author 447,Science,2020,10
403,Book 403,Author 163,Mystery,2015,8
404,Book 404,Author 238,Biography,2006,13
405,Book 405,Author 453,Fiction,1989,20
406,Book 406,Author 133,Biography,1969,7
407,Book 407,Author 499,Mystery,2022,12
408,Book 408,Author 145,Science,2011,20
409,Book 409,Author 285,Fiction,1997,17
410,Book 410,Author 294,Mystery,2008,6
411,Book 411,Author 193,Non-Fiction,1990,12
412,Book 412,Author 139,Science,1975,9
413,Book 413,Author 172,Fiction,1958,13
414,Book 414,Author 211,Biography,1950,2
415,Book 415,Author 89,Biography,1983,6
416,Book 416,Author 57,Biography,1957,3
417,Book 417,Author 490,Non-Fiction,1991,2
418,Book 418,Author 329,Non-Fiction,1967,3
419,Book 419,Author 463,Mystery,2008,19
420,Book 420,Author 102,Fiction,2010,16
421,Book 421,Author 170,Science,1994,3
422,Book 422,Author 274,Biography,2013,18
423,Book 423,Author 415,Mystery,2005,10
424,Book 424,Author 485,Science,2020,17
425,Book 425,Author 297,Fiction,1996,18
426,Book 426,Author 165,Mystery,1964,6
427,Book 427,Author 64,Biography,2014,18
428,Book 428,Author 43,Non-Fiction,1950,3
429,Book 429,Author 491,Biography,1993,16
430,Book 430,Author 498,Non-Fiction,2014,12
431,Book 431,Author 473,Non-Fiction,1952,4
432,Book 432,Author 167,Non-Fiction,1997,2
433,Book 433,Author 467,Biography,1984,9
434,Book 434,Author 210,Fiction,1981,15
435,Book 435,Author 215,Biography,2018,3
436,Book 436,Author 129,Mystery,2013,7
437,Book 437,Author 199,Science,1968,10
438,Book 438,Author 268,Mystery,1997,8
439,Book 439,Author 384,Science,1966,6
440,Book 440,Author 436,Mystery,1975,8
441,Book 441,Author 107,Science,2007,12
442,Book 442,Author 312,Mystery,1966,7
443,Book 443,Author 40,Science,1979,16
444,Book 444,Author 121,Mystery,1968,3
445,Book 445,Author 122,Non-Fiction,2001,3
446,Book 446,Author 317,Non-Fiction,1975,18
447,Book 447,Author 308,Non-Fiction,2012,1
448,Book 448,Author 304,Fiction,2006,11
449,Book 449,Author 458,Biography,1980,7
450,Book 450,Author 91,Non-Fiction,1988,6
451,Book 451,Author 170,Science,1958,14
452,Book 452,Author 127,Mystery,2011,1
453,Book 453,Author 178,Science,1981,1
454,Book 454,Author 106,Science,2023,13
455,Book 455,Author 227,Non-Fiction,1961,20
456,Book 456,Author 185,Non-Fiction,1957,5
457,Book 457,Author 473,Mystery,1997,3
458,Book 458,Author 452,Non-Fiction,1974,10
459,Book 459,Author 143,Fiction,2021,20
460,Book 460,Author 109,Non-Fiction,2021,4
461,Book 461,Author 114,Science,1959,8
462,Book 462,Author 218,Fiction,2007,9
463,Book 463,Author 120,Science,1953,7
464,Book 464,Author 87,Non-Fiction,1986,11
465,Book 465,Author 319,Science,2005,20
466,Book 466,Author 50,Non-Fiction,1993,19
467,Book 467,Author 192,Biography,2007,1
468,Book 468,Author 330,Fiction,1952,16
469,Book 469,Author 343,Fiction,1950,20
470,Book 470,Author 348,Mystery,2020,9
471,Book 471,Author 126,Fiction,1979,14
472,Book 472,Author 130,Non-Fiction,1993,13
473,Book 473,Author 361,Mystery,1956,20
474,Book 474,Author 44,Non-Fiction,1971,12
475,Book 475,Author 214,Mystery,2015,17
476,Book 476,Author 365,Science,1958,3
477,Book 477,Author 221,Science,2001,17
478,Book 478,Author 348,Non-Fiction,1969,10
479,Book 479,Author 403,Science,1994,14
480,Book 480,Author 447,Biography,2000,4
481,Book 481,Author 9,Fiction,1995,10
482,Book 482,Author 303,Non-Fiction,2006,12
483,Book 483,Author 410,Non-Fiction,2021,8
484,Book 484,Author 216,Non-Fiction,1957,9
485,Book 485,Author 370,Mystery,2023,4
486,Book 486,Author 447,Fiction,2010,13
487,Book 487,Author 13,Non-Fiction,1970,5
488,Book 488,Author 17,Biography,2023,13
489,Book 489,Author 477,Mystery,1987,1
490,Book 490,Author 334,Science,1979,16
491,Book 491,Author 436,Non-Fiction,1970,17
492,Book 492,Author 301,Biography,1991,14
493,Book 493,Author 107,Mystery,2015,5
494,Book 494,Author 180,Science,1952,12
495,Book 495,Author 266,Fiction,2023,5
496,Book 496,Author 14,Non-Fiction,1973,12
497,Book 497,Author 293,Mystery,2017,20
498,Book 498,Author 186,Fiction,1969,5
499,Book 499,Author 321,Fiction,1955,17
500,Book 500,Author 375,Mystery,1950,20
501,Book 501,Author 29,Non-Fiction,1954,6
502,Book 502,Author 449,Science,1969,3
503,Book 503,Author 83,Mystery,1992,20
504,Book 504,Author 326,Science,2003,20
505,Book 505,Author 482,Non-Fiction,1962,11
506,Book 506,Author 455,Non-Fiction,2023,18
507,Book 507,Author 82,Fiction,1981,18
508,Book 508,Author 337,Mystery,2013,7
509,Book 509,Author 276,Non-Fiction,2008,9
510,Book 510,Author 113,Science,2007,6
511,Book 511,Author 56,Science,1965,6
512,Book 512,Author 149,Mystery,1962,3
513,Book 513,Author 110,Biography,1956,7
514,Book 514,Author 168,Mystery,2020,2
515,Book 515,Author 209,Biography,1996,8
516,Book 516,Author 191,Science,2014,4
517,Book 517,Author 74,Non-Fiction,1984,3
518,Book 518,Author 351,Fiction,2018,5
519,Book 519,Author 195,Fiction,1992,8
520,Book 520,Author 11,Non-Fiction,2008,9
521,Book 521,Author 179,Science,1987,5
522,Book 522,Author 290,Biography,1979,15
523,Book 523,Author 407,Science,1959,13
524,Book 524,Author 358,Biography,1988,2
525,Book 525,Author 55,Mystery,2000,9
526,Book 526,Author 447,Mystery,1987,6
527,Book 527,Author 147,Mystery,1999,7
528,Book 528,Author 39,Fiction,1977,15
529,Book 529,Author 355,Fiction,2012,15
530,Book 530,Author 482,Science,1972,18
531,Book 531,Author 169,Biography,1955,7
532,Book 532,Author 454,Non-Fiction,1957,1
533,Book 533,Author 179,Biography,2005,16
534,Book 534,Author 481,Mystery,2019,11
535,Book 535,Author 186,Science,1961,4
536,Book 536,Author 287,Non-Fiction,1974,10
537,Book 537,Author 96,Fiction,2023,9
538,Book 538,Author 393,Biography,1984,18
539,Book 539,Author 472,Fiction,2009,18
540,Book 540,Author 255,Fiction,1952,7
541,Book 541,Author 144,Biography,1985,6
542,Book 542,Author 344,Fiction,1964,14
543,Book 543,Author 146,Science,1999,19
544,Book 544,Author 91,Mystery,2022,7
545,Book 545,Author 354,Fiction,1979,12
546,Book 546,Author 178,Science,1963,19
547,Book 547,Author 228,Biography,1964,9
548,Book 548,Author 439,Non-Fiction,1954,10
549,Book 549,Author 458,Mystery,2001,18
550,Book 550,Author 69,Fiction,2004,3
551,Book 551,Author 49,Mystery,1975,17
552,Book 552,Author 384,Science,2011,11
553,Book 553,Author 301,Non-Fiction,2015,20
554,Book 554,Author 144,Biography,2010,2
555,Book 555,Author 29,Fiction,1959,11
556,Book 556,Author 249,Fiction,1999,16
557,Book 557,Author 436,Mystery,2009,1
558,Book 558,Author 120,Biography,1969,8
559,Book 559,Author 268,Fiction,1995,6
560,Book 560,Author 364,Science,1967,5
561,Book 561,Author 315,Biography,1988,10
562,Book 562,Author 282,Fiction,1995,6
563,Book 563,Author 491,Mystery,1965,1
564,Book 564,Author 47,Non-Fiction,1986,13
565,Book 565,Author 441,Fiction,1979,16
566,Book 566,Author 274,Non-Fiction,1982,15
567,Book 567,Author 428,Fiction,1983,16
568,Book 568,Author 117,Fiction,2018,8
569,Book 569,Author 188,Non-Fiction,2012,8
570,Book 570,Author 125,Non-Fiction,1982,7
571,Book 571,Author 263,Science,1965,18
572,Book 572,Author 448,Biography,1988,1
573,Book 573,Author 222,Science,2006,3
574,Book 574,Author 403,Mystery,1960,8
575,Book 575,Author 132,Science,1951,3
576,Book 576,Author 58,Mystery,1974,12
577,Book 577,Author 147,Fiction,1961,1
578,Book 578,Author 86,Non-Fiction,1962,14
579,Book 579,Author 494,Science,1965,10
580,Book 580,Author 453,Non-Fiction,2014,4
581,Book 581,Author 191,Non-Fiction,1998,14
582,Book 582,Author 314,Mystery,1964,2
583,Book 583,Author 299,Fiction,1977,2
584,Book 584,Author 228,Mystery,1998,12
585,Book 585,Author 35,Biography,2023,7
586,Book 586,Author 304,Non-Fiction,1996,12
587,Book 587,Author 347,Non-Fiction,2001,1
588,Book 588,Author 379,Biography,1998,17
589,Book 589,Author 294,Mystery,1990,20
590,Book 590,Author 36,Biography,1969,2
591,Book 591,Author 60,Mystery,1977,18
592,Book 592,Author 251,Fiction,2012,12
593,Book 593,Author 381,Fiction,2020,10
594,Book 594,Author 48,Science,1988,8
595,Book 595,Author 367,Mystery,2021,7
596,Book 596,Author 500,Science,1989,14
597,Book 597,Author 465,Biography,1983,7
598,Book 598,Author 121,Science,1967,7
599,Book 599,Author 431,Fiction,2019,19
600,Book 600,Author 451,Science,2017,12
601,Book 601,Author 364,Fiction,1980,16
602,Book 602,Author 52,Science,2006,3
603,Book 603,Author 382,Non-Fiction,1984,10
604,Book 604,Author 92,Fiction,1984,11
605,Book 605,Author 90,Science,1959,12
606,Book 606,Author 422,Mystery,2019,1
607,Book 607,Author 476,Biography,2011,16
608,Book 608,Author 219,Fiction,1974,20
609,Book 609,Author 64,Non-Fiction,2023,17
610,Book 610,Author 1,Fiction,1966,7
611,Book 611,Author 316,Non-Fiction,1974,9
612,Book 612,Author 132,Science,1985,13
613,Book 613,Author 393,Mystery,1967,16
614,Book 614,Author 56,Fiction,2013,15
615,Book 615,Author 368,Mystery,1986,11
616,Book 616,Author 358,Fiction,1988,10
617,Book 617,Author 66,Fiction,1955,19
618,Book 618,Author 442,Fiction,2019,11
619,Book 619,Author 444,Fiction,1967,20
620,Book 620,Author 193,Fiction,1971,4
621,Book 621,Author 453,Science,2009,8
622,Book 622,Author 320,Biography,2020,8
623,Book 623,Author 425,Mystery,2016,2
624,Book 624,Author 157,Mystery,1985,15
625,Book 625,Author 376,Biography,1986,1
626,Book 626,Author 23,Science,1960,20
627,Book 627,Author 449,Mystery,1965,20
628,Book 628,Author 265,Mystery,1961,6
629,Book 629,Author 213,Non-Fiction,1951,4
630,Book 630,Author 4,Mystery,2001,13
631,Book 631,Author 97,Fiction,2020,4
632,Book 632,Author 474,Fiction,1993,10
633,Book 633,Author 387,Biography,2013,5
634,Book 634,Author 188,Biography,2016,15
635,Book 635,Author 297,Biography,1972,5
636,Book 636,Author 435,Mystery,1986,19
637,Book 637,Author 280,Biography,2021,12
638,Book 638,Author 265,Biography,1991,5
639,Book 639,Author 141,Fiction,1968,4
640,Book 640,Author 55,Non-Fiction,1963,6
641,Book 641,Author 334,Fiction,1992,20
642,Book 642,Author 188,Non-Fiction,2003,16
643,Book 643,Author 174,Fiction,1988,18
644,Book 644,Author 271,Mystery,1975,11
645,Book 645,Author 314,Mystery,1985,3
646,Book 646,Author 486,Mystery,1962,10
647,Book 647,Author 73,Fiction,1974,13
648,Book 648,Author 384,Mystery,1957,17
649,Book 649,Author 171,Fiction,1990,2
650,Book 650,Author 209,Biography,2006,2
651,Book 651,Author 56,Biography,1984,2
652,Book 652,Author 296,Fiction,2004,12
653,Book 653,Author 211,Non-Fiction,1981,4
654,Book 654,Author 295,Mystery,2011,18
655,Book 655,Author 53,Non-Fiction,1981,7
656,Book 656,Author 124,Science,1959,12
657,Book 657,Author 484,Biography,1995,3
658,Book 658,Author 215,Fiction,1981,5
659,Book 659,Author 101,Biography,2011,2
660,Book 660,Author 266,Mystery,1955,18
661,Book 661,Author 303,Biography,2003,10
662,Book 662,Author 90,Biography,1981,6
663,Book 663,Author 150,Non-Fiction,2002,18
664,Book 664,Author 186,Science,1959,5
665,Book 665,Author 140,Fiction,1990,7
666,Book 666,Author 220,Fiction,1970,2
667,Book 667,Author 181,Mystery,1983,5
668,Book 668,Author 310,Biography,2006,6
669,Book 669,Author 155,Science,1997,15
670,Book 670,Author 282,Non-Fiction,2007,20
671,Book 671,Author 415,Fiction,1952,10
672,Book 672,Author 348,Non-Fiction,2007,6
673,Book 673,Author 410,Non-Fiction,2003,15
674,Book 674,Author 100,Biography,1953,17
675,Book 675,Author 447,Non-Fiction,1960,5
676,Book 676,Author 430,Biography,1975,18
677,Book 677,Author 366,Non-Fiction,1964,6
678,Book 678,Author 467,Science,1955,3
679,Book 679,Author 169,Mystery,1990,2
680,Book 680,Author 332,Fiction,1986,20
681,Book 681,Author 321,Fiction,1977,11
682,Book 682,Author 360,Mystery,1993,10
683,Book 683,Author 258,Biography,1984,3
684,Book 684,Author 367,Mystery,1980,10
685,Book 685,Author 150,Fiction,2006,20
686,Book 686,Author 4,Mystery,1979,8
687,Book 687,Author 411,Fiction,2008,10
688,Book 688,Author 138,Fiction,1966,19
689,Book 689,Author 405,Non-Fiction,2005,20
690,Book 690,Author 290,Non-Fiction,2013,4
691,Book 691,Author 204,Non-Fiction,1955,13
692,Book 692,Author 121,Science,1958,20
693,Book 693,Author 201,Non-Fiction,2022,20
694,Book 694,Author 224,Fiction,1979,18
695,Book 695,Author 131,Non-Fiction,2016,8
696,Book 696,Author 178,Science,2000,10
697,Book 697,Author 390,Biography,2005,2
698,Book 698,Author 475,Non-Fiction,1994,20
699,Book 699,Author 481,Non-Fiction,1958,12
700,Book 700,Author 59,Biography,2016,20
701,Book 701,Author 80,Biography,1989,12
702,Book 702,Author 325,Non-Fiction,1969,14
703,Book 703,Author 381,Fiction,1967,10
704,Book 704,Author 197,Fiction,1987,3
705,Book 705,Author 488,Fiction,2003,11
706,Book 706,Author 34,Biography,2021,10
707,Book 707,Author 306,Mystery,1997,8
708,Book 708,Author 268,Non-Fiction,1952,4
709,Book 709,Author 289,Fiction,1951,19
710,Book 710,Author 86,Non-Fiction,1967,15
711,Book 711,Author 196,Mystery,1986,12
712,Book 712,Author 283,Science,1979,19
713,Book 713,Author 134,Non-Fiction,2018,3
714,Book 714,Author 393,Fiction,1987,3
715,Book 715,Author 9,Mystery,1959,13
716,Book 716,Author 83,Fiction,1956,14
717,Book 717,Author 46,Science,1960,1
718,Book 718,Author 451,Science,1976,2
719,Book 719,Author 336,Science,1984,9
720,Book 720,Author 213,Non-Fiction,1965,12
721,Book 721,Author 363,Biography,1996,10
722,Book 722,Author 421,Fiction,1950,6
723,Book 723,Author 379,Fiction,2004,3
724,Book 724,Author 231,Mystery,1987,5
725,Book 725,Author 143,Biography,2018,9
726,Book 726,Author 265,Non-Fiction,2000,17
727,Book 727,Author 34,Fiction,1952,19
728,Book 728,Author 414,Science,1958,10
729,Book 729,Author 481,Non-Fiction,2018,10
730,Book 730,Author 353,Biography,2008,18
731,Book 731,Author 391,Non-Fiction,2014,14
732,Book 732,Author 254,Science,1951,13
733,Book 733,Author 203,Fiction,1967,17
734,Book 734,Author 349,Mystery,1999,4
735,Book 735,Author 311,Fiction,1989,9
736,Book 736,Author 164,Science,1995,12
737,Book 737,Author 226,Science,1984,17
738,Book 738,Author 333,Mystery,1992,16
739,Book 739,Author 136,Fiction,1972,7
740,Book 740,Author 66,Mystery,2012,6
741,Book 741,Author 6,Non-Fiction,1990,2
742,Book 742,Author 417,Non-Fiction,2021,1
743,Book 743,Author 2,Non-Fiction,2004,15
744,Book 744,Author 116,Biography,1965,14
745,Book 745,Author 461,Biography,1977,5
746,Book 746,Author 198,Fiction,1990,2
747,Book 747,Author 172,Non-Fiction,1980,20
748,Book 748,Author 176,Fiction,2010,8
749,Book 749,Author 53,Fiction,2002,14
750,Book 750,Author 157,Science,1958,15
751,Book 751,Author 462,Biography,1958,4
752,Book 752,Author 333,Non-Fiction,1981,12
753,Book 753,Author 376,Mystery,1975,11
754,Book 754,Author 419,Biography,1966,1
755,Book 755,Author 351,Mystery,2003,9
756,Book 756,Author 324,Non-Fiction,1977,5
757,Book 757,Author 165,Non-Fiction,2014,1
758,Book 758,Author 121,Biography,2004,8
759,Book 759,Author 130,Mystery,1954,9
760,Book 760,Author 243,Biography,1971,19
761,Book 761,Author 35,Biography,1978,18
762,Book 762,Author 206,Science,1958,7
763,Book 763,Author 37,Science,2012,17
764,Book 764,Author 481,Science,1969,6
765,Book 765,Author 134,Science,1987,6
766,Book 766,Author 187,Mystery,1955,19
767,Book 767,Author 175,Fiction,2012,7
768,Book 768,Author 194,Biography,1976,11
769,Book 769,Author 474,Mystery,2006,5
770,Book 770,Author 65,Science,2015,19
771,Book 771,Author 402,Mystery,2002,13
772,Book 772,Author 124,Mystery,1976,2
773,Book 773,Author 359,Mystery,2009,5
774,Book 774,Author 198,Fiction,2020,6
775,Book 775,Author 261,Biography,2016,13
776,Book 776,Author 205,Biography,1963,9
777,Book 777,Author 388,Fiction,1978,14
778,Book 778,Author 64,Fiction,1977,15
779,Book 779,Author 47,Non-Fiction,2009,16
780,Book 780,Author 261,Mystery,1974,14
781,Book 781,Author 175,Biography,1967,20
782,Book 782,Author 463,Biography,2005,6
783,Book 783,Author 295,Non-Fiction,1962,18
784,Book 784,Author 184,Biography,1991,1
785,Book 785,Author 240,Science,1987,12
786,Book 786,Author 215,Mystery,2021,18
787,Book 787,Author 250,Fiction,1956,16
788,Book 788,Author 474,Biography,1960,4
789,Book 789,Author 124,Mystery,2012,17
790,Book 790,Author 353,Fiction,1952,4
791,Book 791,Author 119,Non-Fiction,1972,1
792,Book 792,Author 120,Science,1998,8
793,Book 793,Author 241,Biography,2016,17
794,Book 794,Author 95,Fiction,1992,5
795,Book 795,Author 3,Non-Fiction,2018,8
796,Book 796,Author 251,Biography,1972,3
797,Book 797,Author 135,Mystery,1956,5
798,Book 798,Author 374,Fiction,1950,16
799,Book 799,Author 77,Science,2014,13
800,Book 800,Author 272,Non-Fiction,2002,6
801,Book 801,Author 393,Non-Fiction,2004,16
802,Book 802,Author 335,Science,1987,15
803,Book 803,Author 82,Biography,2016,17
804,Book 804,Author 381,Fiction,2003,13
805,Book 805,Author 59,Fiction,1978,7
806,Book 806,Author 59,Biography,1954,7
807,Book 807,Author 302,Non-Fiction,1955,16
808,Book 808,Author 252,Non-Fiction,1984,18
809,Book 809,Author 293,Fiction,1964,13
810,Book 810,Author 459,Science,1963,4
811,Book 811,Author 76,Fiction,2020,9
812,Book 812,Author 395,Mystery,1962,17
813,Book 813,Author 136,Fiction,1964,10
814,Book 814,Author 86,Fiction,2006,18
815,Book 815,Author 450,Non-Fiction,2004,6
816,Book 816,Author 388,Fiction,2017,8
817,Book 817,Author 30,Science,1955,2
818,Book 818,Author 432,Fiction,2010,7
819,Book 819,Author 264,Mystery,2003,2
820,Book 820,Author 278,Fiction,2009,18
821,Book 821,Author 190,Non-Fiction,1984,6
822,Book 822,Author 52,Non-Fiction,1984,5
823,Book 823,Author 311,Science,1984,19
824,Book 824,Author 254,Biography,1980,15
825,Book 825,Author 324,Biography,2002,1
826,Book 826,Author 285,Science,2018,15
827,Book 827,Author 152,Non-Fiction,1996,2
828,Book 828,Author 19,Mystery,1986,11
829,Book 829,Author 275,Science,2017,15
830,Book 830,Author 17,Non-Fiction,2007,7
831,Book 831,Author 295,Mystery,1993,20
832,Book 832,Author 12,Fiction,2006,6
833,Book 833,Author 298,Mystery,2000,19
834,Book 834,Author 338,Mystery,1995,20
835,Book 835,Author 320,Non-Fiction,2006,1
836,Book 836,Author 216,Biography,2004,1
837,Book 837,Author 229,Non-Fiction,1965,15
838,Book 838,Author 170,Fiction,2020,19
839,Book 839,Author 194,Non-Fiction,1969,8
840,Book 840,Author 236,Science,1955,12
841,Book 841,Author 131,Biography,1988,7
842,Book 842,Author 291,Non-Fiction,2006,20
843,Book 843,Author 367,Mystery,1986,8
844,Book 844,Author 340,Biography,1975,2
845,Book 845,Author 33,Mystery,1956,19
846,Book 846,Author 272,Biography,1994,3
847,Book 847,Author 493,Biography,1965,16
848,Book 848,Author 187,Mystery,2015,1
849,Book 849,Author 263,Biography,1978,6
850,Book 850,Author 266,Fiction,1968,16
851,Book 851,Author 88,Non-Fiction,1992,7
852,Book 852,Author 473,Mystery,2015,17
853,Book 853,Author 209,Biography,1969,4
854,Book 854,Author 104,Non-Fiction,2002,2
855,Book 855,Author 208,Biography,1964,16
856,Book 856,Author 476,Fiction,2018,17
857,Book 857,Author 109,Mystery,1960,16
858,Book 858,Author 454,Biography,1994,1
859,Book 859,Author 52,Non-Fiction,1970,5
860,Book 860,Author 382,Fiction,1978,5
861,Book 861,Author 181,Mystery,1963,19
862,Book 862,Author 485,Biography,1951,8
863,Book 863,Author 381,Biography,1966,13
864,Book 864,Author 472,Biography,2002,15
865,Book 865,Author 139,Fiction,1985,12
866,Book 866,Author 365,Science,2014,16
867,Book 867,Author 355,Mystery,1970,10
868,Book 868,Author 468,Fiction,2002,4
869,Book 869,Author 477,Mystery,2000,1
870,Book 870,Author 348,Science,2003,11
871,Book 871,Author 109,Non-Fiction,1965,17
872,Book 872,Author 113,Mystery,1950,13
873,Book 873,Author 299,Non-Fiction,1989,5
874,Book 874,Author 278,Non-Fiction,1959,13
875,Book 875,Author 249,Biography,1977,16
876,Book 876,Author 207,Biography,1991,16
877,Book 877,Author 272,Non-Fiction,1982,4
878,Book 878,Author 416,Science,1987,11
879,Book 879,Author 290,Science,2006,11
880,Book 880,Author 22,Fiction,1970,11
881,Book 881,Author 23,Mystery,2018,9
882,Book 882,Author 292,Science,1970,19
883,Book 883,Author 92,Fiction,1977,8
884,Book 884,Author 400,Biography,1977,17
885,Book 885,Author 248,Biography,2004,7
886,Book 886,Author 141,Mystery,2010,11
887,Book 887,Author 146,Mystery,1973,9
888,Book 888,Author 454,Mystery,2017,12
889,Book 889,Author 462,Fiction,1960,10
890,Book 890,Author 467,Biography,1956,8
891,Book 891,Author 466,Biography,1994,2
892,Book 892,Author 410,Mystery,2009,1
893,Book 893,Author 357,Biography,1966,8
894,Book 894,Author 487,Non-Fiction,1969,2
895,Book 895,Author 84,Non-Fiction,1970,2
896,Book 896,Author 177,Science,2001,17
897,Book 897,Author 253,Non-Fiction,1981,18
898,Book 898,Author 102,Fiction,1977,13
899,Book 899,Author 322,Biography,2023,1
900,Book 900,Author 376,Mystery,1994,13
901,Book 901,Author 13,Biography,2019,10
902,Book 902,Author 407,Science,2007,8
903,Book 903,Author 90,Biography,2020,11
904,Book 904,Author 107,Non-Fiction,2011,7
905,Book 905,Author 316,Biography,1958,9
906,Book 906,Author 118,Biography,2006,14
907,Book 907,Author 98,Science,1966,10
908,Book 908,Author 153,Science,2003,6
909,Book 909,Author 44,Non-Fiction,2011,18
910,Book 910,Author 488,Mystery,2023,11
911,Book 911,Author 136,Science,1958,6
912,Book 912,Author 233,Mystery,1979,5
913,Book 913,Author 120,Non-Fiction,1994,13
914,Book 914,Author 356,Mystery,1975,10
915,Book 915,Author 489,Fiction,2020,1
916,Book 916,Author 451,Non-Fiction,2002,5
917,Book 917,Author 337,Non-Fiction,1996,13
918,Book 918,Author 491,Fiction,2015,9
919,Book 919,Author 33,Mystery,2009,20
920,Book 920,Author 197,Fiction,2006,18
921,Book 921,Author 380,Non-Fiction,1967,12
922,Book 922,Author 31,Fiction,1965,5
923,Book 923,Author 268,Biography,1956,17
924,Book 924,Author 120,Mystery,1990,2
925,Book 925,Author 431,Biography,2021,8
926,Book 926,Author 401,Biography,1973,11
927,Book 927,Author 75,Non-Fiction,2008,4
928,Book 928,Author 146,Science,1967,8
929,Book 929,Author 405,Science,1950,3
930,Book 930,Author 44,Non-Fiction,1976,19
931,Book 931,Author 70,Science,1972,15
932,Book 932,Author 102,Non-Fiction,1986,7
933,Book 933,Author 156,Biography,2020,7
934,Book 934,Author 286,Mystery,1963,11
935,Book 935,Author 110,Science,1969,19
936,Book 936,Author 315,Mystery,1953,4
937,Book 937,Author 330,Biography,2011,5
938,Book 938,Author 85,Science,1971,20
939,Book 939,Author 63,Mystery,2019,8
940,Book 940,Author 316,Fiction,2002,7
941,Book 941,Author 71,Science,1961,18
942,Book 942,Author 186,Mystery,2014,5
943,Book 943,Author 296,Fiction,1952,20
944,Book 944,Author 409,Mystery,1985,18
945,Book 945,Author 212,Biography,1961,1
946,Book 946,Author 215,Non-Fiction,1977,16
947,Book 947,Author 442,Non-Fiction,1996,7
948,Book 948,Author 141,Mystery,2017,12
949,Book 949,Author 7,Science,1971,2
950,Book 950,Author 253,Biography,1958,20
951,Book 951,Author 283,Mystery,1996,15
952,Book 952,Author 239,Fiction,2020,10
953,Book 953,Author 35,Fiction,1984,15
954,Book 954,Author 429,Fiction,1960,18
955,Book 955,Author 100,Science,1977,14
956,Book 956,Author 455,Fiction,2000,14
957,Book 957,Author 107,Fiction,2019,7
958,Book 958,Author 46,Mystery,2022,16
959,Book 959,Author 8,Biography,1966,2
960,Book 960,Author 5,Fiction,1973,2
961,Book 961,Author 445,Fiction,2007,19
962,Book 962,Author 80,Non-Fiction,1957,16
963,Book 963,Author 485,Non-Fiction,2020,18
964,Book 964,Author 166,Biography,2017,5
965,Book 965,Author 280,Science,1962,5
966,Book 966,Author 62,Science,1967,8
967,Book 967,Author 419,Non-Fiction,1971,1
968,Book 968,Author 323,Mystery,2003,5
969,Book 969,Author 492,Biography,2001,11
970,Book 970,Author 466,Biography,2019,19
971,Book 971,Author 404,Mystery,1973,16
972,Book 972,Author 238,Science,1977,7
973,Book 973,Author 81,Non-Fiction,2005,13
974,Book 974,Author 485,Science,1968,19
975,Book 975,Author 315,Mystery,1964,17
976,Book 976,Author 268,Mystery,1967,17
977,Book 977,Author 76,Non-Fiction,2016,15
978,Book 978,Author 46,Biography,1971,11
979,Book 979,Author 377,Mystery,1971,11
980,Book 980,Author 19,Non-Fiction,1958,4
981,Book 981,Author 154,Fiction,2023,19
982,Book 982,Author 89,Non-Fiction,1972,13
983,Book 983,Author 492,Mystery,2022,9
984,Book 984,Author 125,Science,1992,11
985,Book 985,Author 136,Mystery,1960,19
986,Book 986,Author 49,Mystery,2001,7
987,Book 987,Author 444,Non-Fiction,1967,15
988,Book 988,Author 97,Fiction,2008,12
989,Book 989,Author 490,Mystery,2019,14
990,Book 990,Author 240,Biography,1962,10
991,Book 991,Author 79,Mystery,2016,18
992,Book 992,Author 27,Biography,2015,1
993,Book 993,Author 490,Science,1978,10
994,Book 994,Author 499,Fiction,1997,6
995,Book 995,Author 182,Science,2004,20
996,Book 996,Author 415,Biography,2016,2
997,Book 997,Author 213,Biography,2010,7
998,Book 998,Author 406,Fiction,1995,6
999,Book 999,Author 326,Science,1956,4
1000,Book 1000,Author 163,Non-Fiction,1980,16
1001,Book 1001,Author 86,Fiction,1996,15
1002,Book 1002,Author 460,Mystery,1989,17
1003,Book 1003,Author 310,Fiction,2013,14
1004,Book 1004,Author 483,Mystery,2011,4
1005,Book 1005,Author 365,Biography,1954,15
1006,Book 1006,Author 80,Non-Fiction,2008,11
1007,Book 1007,Author 334,Science,2017,4
1008,Book 1008,Author 402,Non-Fiction,2019,19
1009,Book 1009,Author 256,Mystery,1965,11
1010,Book 1010,Author 164,Non-Fiction,1954,16
1011,Book 1011,Author 418,Mystery,2016,19
1012,Book 1012,Author 11,Science,2019,20
1013,Book 1013,Author 438,Fiction,2019,20
1014,Book 1014,Author 62,Science,1964,7
1015,Book 1015,Author 276,Non-Fiction,1969,12
1016,Book 1016,Author 136,Non-Fiction,2001,10
1017,Book 1017,Author 239,Fiction,1963,6
1018,Book 1018,Author 372,Biography,2013,11
1019,Book 1019,Author 2,Non-Fiction,1975,10
1020,Book 1020,Author 348,Science,1973,4
1021,Book 1021,Author 411,Non-Fiction,1958,4
1022,Book 1022,Author 57,Non-Fiction,1984,12
1023,Book 1023,Author 421,Fiction,1989,8
1024,Book 1024,Author 19,Mystery,2003,6
1025,Book 1025,Author 154,Mystery,1963,18
1026,Book 1026,Author 80,Biography,1956,1
1027,Book 1027,Author 445,Non-Fiction,1977,2
1028,Book 1028,Author 355,Science,2021,13
1029,Book 1029,Author 398,Mystery,2003,16
1030,Book 1030,Author 444,Biography,2006,4
1031,Book 1031,Author 295,Science,1950,11
1032,Book 1032,Author 64,Biography,2015,1
1033,Book 1033,Author 320,Fiction,1994,12
1034,Book 1034,Author 447,Fiction,1993,6
1035,Book 1035,Author 120,Biography,1980,19
1036,Book 1036,Author 184,Science,1991,4
1037,Book 1037,Author 480,Biography,1975,11
1038,Book 1038,Author 29,Biography,2019,5
1039,Book 1039,Author 198,Non-Fiction,1966,12
1040,Book 1040,Author 233,Science,1964,5
1041,Book 1041,Author 216,Biography,1966,4
1042,Book 1042,Author 385,Non-Fiction,1988,5
1043,Book 1043,Author 26,Fiction,1970,1
1044,Book 1044,Author 379,Biography,1995,17
1045,Book 1045,Author 56,Mystery,2003,14
1046,Book 1046,Author 370,Non-Fiction,1993,17
1047,Book 1047,Author 460,Mystery,2001,20
1048,Book 1048,Author 328,Science,1984,1
1049,Book 1049,Author 28,Fiction,1986,9
1050,Book 1050,Author 478,Biography,2001,5
1051,Book 1051,Author 75,Science,1981,7
1052,Book 1052,Author 148,Fiction,2019,13
1053,Book 1053,Author 114,Science,2011,14
1054,Book 1054,Author 468,Biography,1984,6
1055,Book 1055,Author 120,Mystery,1999,13
1056,Book 1056,Author 135,Mystery,1962,3
1057,Book 1057,Author 198,Fiction,2020,16
1058,Book 1058,Author 319,Non-Fiction,2022,14
1059,Book 1059,Author 31,Fiction,1968,2
1060,Book 1060,Author 481,Science,2020,20
1061,Book 1061,Author 301,Mystery,1973,1
1062,Book 1062,Author 167,Biography,2012,2
1063,Book 1063,Author 437,Mystery,1979,13
1064,Book 1064,Author 27,Biography,2012,19
1065,Book 1065,Author 66,Fiction,1992,4
1066,Book 1066,Author 152,Fiction,1951,15
1067,Book 1067,Author 400,Mystery,1955,3
1068,Book 1068,Author 307,Fiction,2009,6
1069,Book 1069,Author 163,Science,1986,6
1070,Book 1070,Author 52,Mystery,1992,17
1071,Book 1071,Author 294,Fiction,2011,14
1072,Book 1072,Author 112,Mystery,2017,8
1073,Book 1073,Author 368,Fiction,2015,19
1074,Book 1074,Author 199,Mystery,2007,15
1075,Book 1075,Author 7,Biography,1973,3
1076,Book 1076,Author 496,Mystery,1989,10
1077,Book 1077,Author 412,Fiction,1955,15
1078,Book 1078,Author 307,Non-Fiction,1992,8
1079,Book 1079,Author 319,Science,2013,3
1080,Book 1080,Author 349,Fiction,1956,1
1081,Book 1081,Author 343,Mystery,1972,6
1082,Book 1082,Author 272,Fiction,1961,12
1083,Book 1083,Author 71,Mystery,1999,7
1084,Book 1084,Author 461,Fiction,2013,9
1085,Book 1085,Author 219,Non-Fiction,1978,5
1086,Book 1086,Author 83,Mystery,1957,2
1087,Book 1087,Author 251,Mystery,2009,8
1088,Book 1088,Author 462,Mystery,1956,12
1089,Book 1089,Author 63,Non-Fiction,1986,18
1090,Book 1090,Author 384,Non-Fiction,1988,16
1091,Book 1091,Author 171,Mystery,1992,13
1092,Book 1092,Author 342,Non-Fiction,1979,9
1093,Book 1093,Author 284,Non-Fiction,2018,8
1094,Book 1094,Author 100,Non-Fiction,2009,19
1095,Book 1095,Author 411,Fiction,1981,11
1096,Book 1096,Author 74,Mystery,1954,19
1097,Book 1097,Author 147,Biography,1986,5
1098,Book 1098,Author 474,Mystery,1952,7
1099,Book 1099,Author 360,Science,2007,15
1100,Book 1100,Author 454,Mystery,1982,6
1101,Book 1101,Author 305,Fiction,1959,3
1102,Book 1102,Author 471,Mystery,1963,4
1103,Book 1103,Author 14,Science,1951,18
1104,Book 1104,Author 430,Mystery,2020,19
1105,Book 1105,Author 395,Science,2009,15
1106,Book 1106,Author 173,Science,2023,2
1107,Book 1107,Author 371,Science,1965,15
1108,Book 1108,Author 241,Science,2010,9
1109,Book 1109,Author 145,Fiction,1950,11
1110,Book 1110,Author 96,Biography,1992,10
1111,Book 1111,Author 492,Biography,1951,2
1112,Book 1112,Author 104,Mystery,2022,19
1113,Book 1113,Author 378,Biography,1970,6
1114,Book 1114,Author 120,Biography,2022,9
1115,Book 1115,Author 429,Mystery,1973,11
1116,Book 1116,Author 82,Non-Fiction,2022,12
1117,Book 1117,Author 73,Science,2004,12
1118,Book 1118,Author 434,Fiction,1955,20
1119,Book 1119,Author 382,Non-Fiction,2017,5
1120,Book 1120,Author 335,Non-Fiction,2014,3
1121,Book 1121,Author 211,Fiction,1955,4
1122,Book 1122,Author 414,Non-Fiction,1959,17
1123,Book 1123,Author 280,Science,1971,18
1124,Book 1124,Author 65,Fiction,2008,17
1125,Book 1125,Author 459,Biography,1981,5
1126,Book 1126,Author 387,Fiction,1961,6
1127,Book 1127,Author 139,Non-Fiction,1986,10
1128,Book 1128,Author 6,Mystery,2002,4
1129,Book 1129,Author 27,Fiction,1991,5
1130,Book 1130,Author 374,Fiction,2007,1
1131,Book 1131,Author 264,Mystery,1953,19
1132,Book 1132,Author 449,Fiction,2021,6
1133,Book 1133,Author 18,Mystery,2001,14
1134,Book 1134,Author 377,Fiction,2012,11
1135,Book 1135,Author 408,Fiction,1977,9
1136,Book 1136,Author 456,Science,2004,19
1137,Book 1137,Author 176,Non-Fiction,1962,11
1138,Book 1138,Author 183,Science,1975,5
1139,Book 1139,Author 394,Mystery,1987,5
1140,Book 1140,Author 338,Non-Fiction,1994,1
1141,Book 1141,Author 448,Fiction,2000,18
1142,Book 1142,Author 252,Biography,2003,5
1143,Book 1143,Author 80,Science,2009,18
1144,Book 1144,Author 164,Science,1954,9
1145,Book 1145,Author 345,Biography,1973,20
1146,Book 1146,Author 448,Non-Fiction,1998,6
1147,Book 1147,Author 146,Mystery,1962,18
1148,Book 1148,Author 191,Biography,2019,17
1149,Book 1149,Author 433,Science,1962,1
1150,Book 1150,Author 352,Non-Fiction,2017,13
1151,Book 1151,Author 269,Mystery,2006,1
1152,Book 1152,Author 486,Science,1964,12
1153,Book 1153,Author 175,Non-Fiction,1991,19
1154,Book 1154,Author 78,Mystery,2009,16
1155,Book 1155,Author 133,Mystery,1988,9
1156,Book 1156,Author 13,Non-Fiction,1961,14
1157,Book 1157,Author 444,Mystery,1973,15
1158,Book 1158,Author 312,Non-Fiction,1988,19
1159,Book 1159,Author 422,Fiction,1993,6
1160,Book 1160,Author 6,Biography,1976,11
1161,Book 1161,Author 156,Mystery,1992,5
1162,Book 1162,Author 316,Non-Fiction,1986,2
1163,Book 1163,Author 187,Biography,1969,13
1164,Book 1164,Author 384,Science,1977,13
1165,Book 1165,Author 433,Fiction,1987,18
1166,Book 1166,Author 474,Biography,1954,5
1167,Book 1167,Author 124,Biography,1957,2
1168,Book 1168,Author 49,Non-Fiction,1958,12
1169,Book 1169,Author 494,Biography,1978,5
1170,Book 1170,Author 344,Mystery,1957,20
1171,Book 1171,Author 289,Biography,2022,9
1172,Book 1172,Author 95,Fiction,1980,2
1173,Book 1173,Author 113,Non-Fiction,1953,16
1174,Book 1174,Author 303,Non-Fiction,2014,11
1175,Book 1175,Author 78,Fiction,1953,1
1176,Book 1176,Author 491,Fiction,2014,15
1177,Book 1177,Author 495,Science,1982,19
1178,Book 1178,Author 39,Fiction,1990,10
1179,Book 1179,Author 261,Biography,1953,20
1180,Book 1180,Author 330,Fiction,2011,8
1181,Book 1181,Author 195,Fiction,1952,6
1182,Book 1182,Author 61,Non-Fiction,1975,12
1183,Book 1183,Author 200,Biography,1968,5
1184,Book 1184,Author 176,Fiction,2000,7
1185,Book 1185,Author 119,Fiction,1991,1
1186,Book 1186,Author 398,Mystery,1995,11
1187,Book 1187,Author 482,Science,2008,9
1188,Book 1188,Author 335,Science,1977,14
1189,Book 1189,Author 206,Fiction,1952,12
1190,Book 1190,Author 440,Fiction,1999,6
1191,Book 1191,Author 28,Science,1970,7
1192,Book 1192,Author 379,Science,1951,14
1193,Book 1193,Author 491,Fiction,2000,12
1194,Book 1194,Author 162,Fiction,1951,16
1195,Book 1195,Author 48,Mystery,1976,4
1196,Book 1196,Author 72,Science,1970,1
1197,Book 1197,Author 225,Science,1981,19
1198,Book 1198,Author 469,Mystery,2002,19
1199,Book 1199,Author 367,Non-Fiction,2018,10
1200,Book 1200,Author 347,Science,1978,1
1201,Book 1201,Author 151,Non-Fiction,2002,18
1202,Book 1202,Author 338,Biography,1986,10
1203,Book 1203,Author 216,Biography,1964,6
1204,Book 1204,Author 80,Fiction,1986,17
1205,Book 1205,Author 54,Fiction,1951,6
1206,Book 1206,Author 443,Fiction,1959,9
1207,Book 1207,Author 397,Biography,1963,11
1208,Book 1208,Author 65,Biography,2015,10
1209,Book 1209,Author 57,Non-Fiction,2003,11
1210,Book 1210,Author 178,Fiction,1999,5
1211,Book 1211,Author 479,Mystery,1992,7
1212,Book 1212,Author 459,Science,1992,3
1213,Book 1213,Author 189,Science,2011,10
1214,Book 1214,Author 37,Mystery,2009,5
1215,Book 1215,Author 80,Non-Fiction,1976,18
1216,Book 1216,Author 444,Fiction,1998,8
1217,Book 1217,Author 267,Science,2016,3
1218,Book 1218,Author 357,Mystery,1961,4
1219,Book 1219,Author 305,Non-Fiction,1989,1
1220,Book 1220,Author 194,Mystery,1967,2
1221,Book 1221,Author 51,Mystery,2015,3
1222,Book 1222,Author 117,Biography,1951,8
1223,Book 1223,Author 246,Biography,1997,11
1224,Book 1224,Author 481,Non-Fiction,1972,14
1225,Book 1225,Author 70,Mystery,1988,11
1226,Book 1226,Author 252,Biography,2018,17
1227,Book 1227,Author 309,Science,1977,13
1228,Book 1228,Author 261,Non-Fiction,1968,9
1229,Book 1229,Author 477,Fiction,1993,16
1230,Book 1230,Author 127,Fiction,1958,5
1231,Book 1231,Author 25,Mystery,2013,15
1232,Book 1232,Author 487,Non-Fiction,1986,4
1233,Book 1233,Author 99,Non-Fiction,2010,17
1234,Book 1234,Author 411,Fiction,2004,16
1235,Book 1235,Author 437,Fiction,1988,15
1236,Book 1236,Author 95,Biography,1972,4
1237,Book 1237,Author 282,Fiction,1988,1
1238,Book 1238,Author 389,Fiction,2000,10
1239,Book 1239,Author 22,Non-Fiction,1972,16
1240,Book 1240,Author 382,Non-Fiction,1989,6
1241,Book 1241,Author 480,Fiction,2015,13
1242,Book 1242,Author 52,Biography,2006,8
1243,Book 1243,Author 151,Mystery,1967,20
1244,Book 1244,Author 407,Non-Fiction,1975,2
1245,Book 1245,Author 269,Non-Fiction,2008,16
1246,Book 1246,Author 424,Science,1985,2
1247,Book 1247,Author 397,Science,1984,3
1248,Book 1248,Author 26,Fiction,2014,1
1249,Book 1249,Author 114,Mystery,2021,18
1250,Book 1250,Author 410,Non-Fiction,2011,4
1251,Book 1251,Author 37,Non-Fiction,1980,17
1252,Book 1252,Author 276,Science,1966,5
1253,Book 1253,Author 3,Science,2015,4
1254,Book 1254,Author 400,Science,1961,11
1255,Book 1255,Author 490,Science,1972,1
1256,Book 1256,Author 350,Science,1977,15
1257,Book 1257,Author 232,Non-Fiction,1963,15
1258,Book 1258,Author 428,Biography,1986,15
1259,Book 1259,Author 32,Biography,1975,4
1260,Book 1260,Author 194,Mystery,1954,10
1261,Book 1261,Author 429,Mystery,1991,16
1262,Book 1262,Author 296,Biography,2011,10
1263,Book 1263,Author 154,Non-Fiction,2009,8
1264,Book 1264,Author 47,Non-Fiction,1987,8
1265,Book 1265,Author 363,Biography,1967,18
1266,Book 1266,Author 70,Biography,1988,20
1267,Book 1267,Author 288,Non-Fiction,1952,17
1268,Book 1268,Author 405,Fiction,1979,10
1269,Book 1269,Author 65,Mystery,1968,6
1270,Book 1270,Author 242,Mystery,1969,13
1271,Book 1271,Author 309,Fiction,2018,7
1272,Book 1272,Author 360,Science,2017,4
1273,Book 1273,Author 372,Fiction,1989,16
1274,Book 1274,Author 295,Fiction,1958,12
1275,Book 1275,Author 206,Non-Fiction,1985,15
1276,Book 1276,Author 157,Biography,1988,5
1277,Book 1277,Author 182,Non-Fiction,1962,19
1278,Book 1278,Author 239,Fiction,2018,8
1279,Book 1279,Author 221,Fiction,1976,3
1280,Book 1280,Author 227,Mystery,1966,6
1281,Book 1281,Author 478,Mystery,1966,16
1282,Book 1282,Author 199,Science,2007,19
1283,Book 1283,Author 459,Mystery,1976,6
1284,Book 1284,Author 286,Fiction,1956,20
1285,Book 1285,Author 213,Fiction,1953,5
1286,Book 1286,Author 167,Biography,2013,5
1287,Book 1287,Author 418,Fiction,2022,9
1288,Book 1288,Author 213,Fiction,2000,5
1289,Book 1289,Author 364,Mystery,1998,4
1290,Book 1290,Author 204,Non-Fiction,1953,17
1291,Book 1291,Author 337,Science,1989,3
1292,Book 1292,Author 42,Science,1976,10
1293,Book 1293,Author 455,Fiction,2018,6
1294,Book 1294,Author 283,Science,1992,19
1295,Book 1295,Author 193,Mystery,1958,11
1296,Book 1296,Author 300,Fiction,1953,14
1297,Book 1297,Author 443,Biography,1980,16
1298,Book 1298,Author 328,Biography,1963,11
1299,Book 1299,Author 495,Science,2005,7
1300,Book 1300,Author 264,Mystery,2008,11
1301,Book 1301,Author 278,Mystery,1980,11
1302,Book 1302,Author 424,Science,1967,4
1303,Book 1303,Author 24,Biography,1991,5
1304,Book 1304,Author 92,Mystery,1966,4
1305,Book 1305,Author 63,Non-Fiction,2022,5
1306,Book 1306,Author 7,Biography,2020,18
1307,Book 1307,Author 209,Fiction,2008,11
1308,Book 1308,Author 254,Mystery,1981,6
1309,Book 1309,Author 142,Science,1950,3
1310,Book 1310,Author 71,Fiction,1973,19
1311,Book 1311,Author 185,Mystery,1965,2
1312,Book 1312,Author 163,Biography,1982,8
1313,Book 1313,Author 153,Fiction,1964,13
1314,Book 1314,Author 130,Science,1962,19
1315,Book 1315,Author 308,Mystery,1963,14
1316,Book 1316,Author 218,Fiction,1963,17
1317,Book 1317,Author 116,Science,1973,14
1318,Book 1318,Author 56,Non-Fiction,2000,20
1319,Book 1319,Author 468,Science,1983,20
1320,Book 1320,Author 1,Mystery,2010,12
1321,Book 1321,Author 390,Science,1950,18
1322,Book 1322,Author 427,Fiction,2011,4
1323,Book 1323,Author 293,Science,1978,18
1324,Book 1324,Author 42,Biography,2013,9
1325,Book 1325,Author 335,Non-Fiction,1958,12
1326,Book 1326,Author 214,Mystery,2019,5
1327,Book 1327,Author 393,Non-Fiction,1979,7
1328,Book 1328,Author 284,Mystery,1953,17
1329,Book 1329,Author 242,Biography,2014,7
1330,Book 1330,Author 117,Biography,1964,10
1331,Book 1331,Author 46,Science,2002,6
1332,Book 1332,Author 23,Biography,1953,9
1333,Book 1333,Author 180,Fiction,1964,5
1334,Book 1334,Author 185,Science,1952,3
1335,Book 1335,Author 178,Fiction,1967,18
1336,Book 1336,Author 442,Fiction,2019,8
1337,Book 1337,Author 436,Biography,2018,12
1338,Book 1338,Author 32,Mystery,2021,19
1339,Book 1339,Author 85,Biography,2020,6
1340,Book 1340,Author 196,Science,1981,8
1341,Book 1341,Author 15,Mystery,1965,4
1342,Book 1342,Author 287,Science,1961,18
1343,Book 1343,Author 114,Non-Fiction,2020,15
1344,Book 1344,Author 496,Fiction,2017,5
1345,Book 1345,Author 347,Fiction,1973,4
1346,Book 1346,Author 21,Science,1954,5
1347,Book 1347,Author 92,Science,1970,5
1348,Book 1348,Author 476,Biography,1971,3
1349,Book 1349,Author 130,Fiction,2008,5
1350,Book 1350,Author 42,Non-Fiction,1952,12
1351,Book 1351,Author 152,Non-Fiction,1950,4
1352,Book 1352,Author 471,Mystery,1987,12
1353,Book 1353,Author 48,Non-Fiction,2000,15
1354,Book 1354,Author 239,Fiction,1977,17
1355,Book 1355,Author 403,Biography,2016,14
1356,Book 1356,Author 51,Fiction,2023,11
1357,Book 1357,Author 299,Non-Fiction,1999,11
1358,Book 1358,Author 138,Non-Fiction,2011,20
1359,Book 1359,Author 346,Biography,2000,17
1360,Book 1360,Author 433,Science,1984,6
1361,Book 1361,Author 230,Biography,1995,7
1362,Book 1362,Author 173,Mystery,2023,16
1363,Book 1363,Author 121,Non-Fiction,1966,18
1364,Book 1364,Author 152,Fiction,2018,15
1365,Book 1365,Author 360,Biography,2015,11
1366,Book 1366,Author 50,Non-Fiction,1961,17
1367,Book 1367,Author 36,Fiction,1984,6
1368,Book 1368,Author 432,Biography,1951,15
1369,Book 1369,Author 151,Biography,1983,20
1370,Book 1370,Author 17,Science,1990,3
1371,Book 1371,Author 346,Mystery,2008,14
1372,Book 1372,Author 308,Science,1976,2
1373,Book 1373,Author 47,Fiction,1975,20
1374,Book 1374,Author 91,Non-Fiction,2015,1
1375,Book 1375,Author 418,Mystery,1953,3
1376,Book 1376,Author 102,Biography,1973,15
1377,Book 1377,Author 467,Biography,2021,13
1378,Book 1378,Author 247,Non-Fiction,1997,3
1379,Book 1379,Author 227,Biography,2007,6
1380,Book 1380,Author 396,Non-Fiction,2023,13
1381,Book 1381,Author 184,Fiction,1967,8
1382,Book 1382,Author 450,Biography,1955,12
1383,Book 1383,Author 425,Non-Fiction,2022,1
1384,Book 1384,Author 398,Non-Fiction,2015,3
1385,Book 1385,Author 50,Non-Fiction,2002,10
1386,Book 1386,Author 408,Mystery,1981,1
1387,Book 1387,Author 184,Mystery,1968,3
1388,Book 1388,Author 165,Mystery,1964,11
1389,Book 1389,Author 397,Biography,1985,19
1390,Book 1390,Author 320,Biography,2018,18
1391,Book 1391,Author 89,Biography,2020,14
1392,Book 1392,Author 420,Biography,1953,7
1393,Book 1393,Author 278,Fiction,2016,10
1394,Book 1394,Author 391,Science,1967,18
1395,Book 1395,Author 366,Mystery,1963,17
1396,Book 1396,Author 193,Non-Fiction,2020,7
1397,Book 1397,Author 122,Mystery,1999,10
1398,Book 1398,Author 93,Non-Fiction,1979,17
1399,Book 1399,Author 80,Science,1971,1
1400,Book 1400,Author 217,Biography,2015,16
1401,Book 1401,Author 225,Biography,1974,20
1402,Book 1402,Author 303,Biography,1961,2
1403,Book 1403,Author 285,Non-Fiction,2016,16
1404,Book 1404,Author 56,Non-Fiction,2018,17
1405,Book 1405,Author 147,Mystery,1959,2
1406,Book 1406,Author 162,Fiction,2008,5
1407,Book 1407,Author 313,Mystery,1977,8
1408,Book 1408,Author 298,Mystery,2017,8
1409,Book 1409,Author 490,Non-Fiction,2023,13
1410,Book 1410,Author 48,Mystery,2000,14
1411,Book 1411,Author 319,Science,1997,15
1412,Book 1412,Author 461,Mystery,1957,18
1413,Book 1413,Author 221,Non-Fiction,2012,16
1414,Book 1414,Author 151,Fiction,2021,20
1415,Book 1415,Author 32,Mystery,1998,10
1416,Book 1416,Author 76,Mystery,1964,9
1417,Book 1417,Author 113,Science,1984,12
1418,Book 1418,Author 187,Biography,1950,14
1419,Book 1419,Author 333,Mystery,1970,12
1420,Book 1420,Author 116,Non-Fiction,1993,9
1421,Book 1421,Author 444,Non-Fiction,2005,7
1422,Book 1422,Author 283,Biography,1968,6
1423,Book 1423,Author 296,Fiction,1983,15
1424,Book 1424,Author 229,Fiction,1953,19
1425,Book 1425,Author 32,Mystery,1994,2
1426,Book 1426,Author 271,Biography,2007,16
1427,Book 1427,Author 43,Fiction,2011,5
1428,Book 1428,Author 321,Non-Fiction,1974,20
1429,Book 1429,Author 73,Science,2005,15
1430,Book 1430,Author 134,Science,1983,11
1431,Book 1431,Author 459,Mystery,1991,17
1432,Book 1432,Author 19,Biography,2003,15
1433,Book 1433,Author 481,Fiction,1974,7
1434,Book 1434,Author 182,Non-Fiction,2007,2
1435,Book 1435,Author 268,Mystery,2018,12
1436,Book 1436,Author 156,Fiction,1970,2
1437,Book 1437,Author 280,Non-Fiction,1973,7
1438,Book 1438,Author 145,Biography,1985,9
1439,Book 1439,Author 266,Fiction,1983,3
1440,Book 1440,Author 414,Mystery,1955,6
1441,Book 1441,Author 272,Fiction,1983,3
1442,Book 1442,Author 26,Biography,2007,1
1443,Book 1443,Author 485,Science,2014,2
1444,Book 1444,Author 346,Science,1961,20
1445,Book 1445,Author 340,Mystery,1979,9
1446,Book 1446,Author 144,Biography,2016,14
1447,Book 1447,Author 485,Fiction,1952,2
1448,Book 1448,Author 78,Non-Fiction,1964,15
1449,Book 1449,Author 357,Biography,1990,10
1450,Book 1450,Author 58,Mystery,2012,17
1451,Book 1451,Author 224,Fiction,1973,15
1452,Book 1452,Author 441,Biography,2021,7
1453,Book 1453,Author 360,Fiction,1995,18
1454,Book 1454,Author 258,Biography,1978,17
1455,Book 1455,Author 47,Biography,2015,14
1456,Book 1456,Author 39,Mystery,1993,6
1457,Book 1457,Author 168,Non-Fiction,2012,1
1458,Book 1458,Author 7,Non-Fiction,2006,5
1459,Book 1459,Author 382,Science,1995,14
1460,Book 1460,Author 212,Fiction,1986,18
1461,Book 1461,Author 119,Science,1999,11
1462,Book 1462,Author 96,Biography,2021,18
1463,Book 1463,Author 139,Science,1951,9
1464,Book 1464,Author 33,Mystery,1955,14
1465,Book 1465,Author 32,Science,1968,4
1466,Book 1466,Author 459,Fiction,1961,5
1467,Book 1467,Author 49,Mystery,1959,12
1468,Book 1468,Author 423,Non-Fiction,2010,1
1469,Book 1469,Author 77,Non-Fiction,1982,12
1470,Book 1470,Author 137,Mystery,1955,18
1471,Book 1471,Author 114,Non-Fiction,2010,20
1472,Book 1472,Author 231,Non-Fiction,2022,11
1473,Book 1473,Author 47,Mystery,1973,10
1474,Book 1474,Author 123,Biography,2001,5
1475,Book 1475,Author 2,Science,2000,3
1476,Book 1476,Author 353,Fiction,1999,11
1477,Book 1477,Author 389,Biography,2020,16
1478,Book 1478,Author 345,Fiction,1966,6
1479,Book 1479,Author 258,Non-Fiction,1957,16
1480,Book 1480,Author 301,Biography,1990,10
1481,Book 1481,Author 176,Science,1968,13
1482,Book 1482,Author 379,Mystery,1971,14
1483,Book 1483,Author 360,Biography,1962,7
1484,Book 1484,Author 292,Science,2023,10
1485,Book 1485,Author 59,Science,1953,10
1486,Book 1486,Author 403,Science,2003,3
1487,Book 1487,Author 345,Fiction,2012,6
1488,Book 1488,Author 22,Biography,1989,13
1489,Book 1489,Author 340,Fiction,1992,5
1490,Book 1490,Author 407,Biography,1950,12
1491,Book 1491,Author 419,Biography,1956,18
1492,Book 1492,Author 285,Science,1983,14
1493,Book 1493,Author 427,Science,1960,18
1494,Book 1494,Author 164,Non-Fiction,2001,3
1495,Book 1495,Author 143,Biography,2023,20
1496,Book 1496,Author 202,Fiction,2020,11
1497,Book 1497,Author 117,Mystery,1958,17
1498,Book 1498,Author 457,Science,1987,11
1499,Book 1499,Author 319,Science,2012,17
1500,Book 1500,Author 156,Science,1993,12
1501,Book 1501,Author 352,Science,1976,4
1502,Book 1502,Author 199,Non-Fiction,1986,5
1503,Book 1503,Author 482,Biography,1951,7
1504,Book 1504,Author 433,Non-Fiction,1958,8
1505,Book 1505,Author 332,Non-Fiction,1985,3
1506,Book 1506,Author 20,Fiction,1992,19
1507,Book 1507,Author 439,Biography,1997,11
1508,Book 1508,Author 422,Biography,1973,20
1509,Book 1509,Author 105,Biography,2021,13
1510,Book 1510,Author 187,Mystery,1982,7
1511,Book 1511,Author 414,Fiction,2005,12
1512,Book 1512,Author 31,Mystery,1967,15
1513,Book 1513,Author 330,Biography,2020,18
1514,Book 1514,Author 408,Science,1962,7
1515,Book 1515,Author 329,Non-Fiction,2022,6
1516,Book 1516,Author 471,Science,2013,18
1517,Book 1517,Author 354,Mystery,1988,10
1518,Book 1518,Author 205,Science,2014,12
1519,Book 1519,Author 465,Biography,1987,10
1520,Book 1520,Author 345,Mystery,1971,4
1521,Book 1521,Author 282,Mystery,2015,12
1522,Book 1522,Author 184,Fiction,1980,11
1523,Book 1523,Author 119,Fiction,2011,18
1524,Book 1524,Author 161,Non-Fiction,1991,15
1525,Book 1525,Author 372,Mystery,1999,9
1526,Book 1526,Author 171,Biography,1996,19
1527,Book 1527,Author 291,Mystery,1958,2
1528,Book 1528,Author 217,Science,2005,16
1529,Book 1529,Author 461,Non-Fiction,1969,5
1530,Book 1530,Author 329,Non-Fiction,2020,20
1531,Book 1531,Author 205,Non-Fiction,1965,12
1532,Book 1532,Author 462,Science,1996,2
1533,Book 1533,Author 467,Biography,1965,12
1534,Book 1534,Author 165,Biography,1987,16
1535,Book 1535,Author 113,Non-Fiction,2007,5
1536,Book 1536,Author 365,Mystery,2013,12
1537,Book 1537,Author 132,Mystery,2021,4
1538,Book 1538,Author 422,Non-Fiction,1973,18
1539,Book 1539,Author 490,Non-Fiction,2019,6
1540,Book 1540,Author 286,Science,1951,15
1541,Book 1541,Author 164,Science,1966,10
1542,Book 1542,Author 140,Biography,2003,7
1543,Book 1543,Author 335,Science,2014,16
1544,Book 1544,Author 154,Fiction,2017,18
1545,Book 1545,Author 434,Fiction,1957,19
1546,Book 1546,Author 415,Biography,1971,20
1547,Book 1547,Author 356,Non-Fiction,1992,2
1548,Book 1548,Author 185,Biography,2022,3
1549,Book 1549,Author 431,Biography,1973,18
1550,Book 1550,Author 26,Biography,1963,11
1551,Book 1551,Author 445,Fiction,2000,18
1552,Book 1552,Author 36,Science,1991,18
1553,Book 1553,Author 274,Biography,1984,11
1554,Book 1554,Author 23,Mystery,2022,3
1555,Book 1555,Author 198,Biography,1988,7
1556,Book 1556,Author 425,Mystery,1995,5
1557,Book 1557,Author 59,Mystery,2003,2
1558,Book 1558,Author 104,Fiction,2022,4
1559,Book 1559,Author 487,Mystery,1984,4
1560,Book 1560,Author 417,Science,1983,15
1561,Book 1561,Author 497,Science,2017,7
1562,Book 1562,Author 375,Non-Fiction,1954,19
1563,Book 1563,Author 225,Non-Fiction,1994,17
1564,Book 1564,Author 128,Biography,1976,20
1565,Book 1565,Author 53,Mystery,2002,11
1566,Book 1566,Author 5,Fiction,1983,4
1567,Book 1567,Author 362,Biography,1951,10
1568,Book 1568,Author 388,Non-Fiction,1962,11
1569,Book 1569,Author 236,Science,1980,1
1570,Book 1570,Author 125,Science,2004,7
1571,Book 1571,Author 426,Non-Fiction,1998,17
1572,Book 1572,Author 206,Non-Fiction,1958,5
1573,Book 1573,Author 301,Science,2023,14
1574,Book 1574,Author 267,Science,2017,18
1575,Book 1575,Author 223,Non-Fiction,1955,9
1576,Book 1576,Author 270,Biography,1987,4
1577,Book 1577,Author 119,Science,1950,3
1578,Book 1578,Author 200,Non-Fiction,1997,9
1579,Book 1579,Author 32,Mystery,1973,2
1580,Book 1580,Author 105,Non-Fiction,1979,3
1581,Book 1581,Author 182,Biography,1987,8
1582,Book 1582,Author 386,Non-Fiction,1962,6
1583,Book 1583,Author 404,Mystery,1982,18
1584,Book 1584,Author 408,Mystery,1961,11
1585,Book 1585,Author 282,Science,2002,14
1586,Book 1586,Author 98,Science,1966,11
1587,Book 1587,Author 394,Mystery,1990,14
1588,Book 1588,Author 265,Science,1973,1
1589,Book 1589,Author 24,Biography,2011,17
1590,Book 1590,Author 257,Science,1968,3
1591,Book 1591,Author 97,Fiction,1963,4
1592,Book 1592,Author 193,Non-Fiction,2001,7
1593,Book 1593,Author 143,Non-Fiction,2018,14
1594,Book 1594,Author 305,Mystery,1980,17
1595,Book 1595,Author 458,Mystery,1997,17
1596,Book 1596,Author 14,Non-Fiction,1987,5
1597,Book 1597,Author 285,Mystery,1979,16
1598,Book 1598,Author 21,Non-Fiction,1978,7
1599,Book 1599,Author 492,Science,1995,4
1600,Book 1600,Author 102,Science,1975,6
1601,Book 1601,Author 454,Science,1981,12
1602,Book 1602,Author 290,Non-Fiction,2011,5
1603,Book 1603,Author 238,Fiction,1989,12
1604,Book 1604,Author 168,Science,1992,18
1605,Book 1605,Author 267,Mystery,1995,8
1606,Book 1606,Author 207,Non-Fiction,2011,7
1607,Book 1607,Author 151,Biography,1964,4
1608,Book 1608,Author 306,Fiction,1951,18
1609,Book 1609,Author 286,Non-Fiction,1960,18
1610,Book 1610,Author 440,Non-Fiction,1996,4
1611,Book 1611,Author 444,Science,2002,12
1612,Book 1612,Author 199,Science,1953,10
1613,Book 1613,Author 250,Science,1987,4
1614,Book 1614,Author 135,Fiction,1965,1
1615,Book 1615,Author 272,Fiction,1958,11
1616,Book 1616,Author 423,Non-Fiction,1991,7
1617,Book 1617,Author 254,Mystery,1960,20
1618,Book 1618,Author 301,Fiction,1982,15
1619,Book 1619,Author 235,Science,1975,6
1620,Book 1620,Author 359,Fiction,1952,7
1621,Book 1621,Author 488,Science,2000,19
1622,Book 1622,Author 200,Science,1962,6
1623,Book 1623,Author 375,Fiction,1983,11
1624,Book 1624,Author 385,Science,1990,10
1625,Book 1625,Author 375,Non-Fiction,1990,10
1626,Book 1626,Author 363,Fiction,2003,15
1627,Book 1627,Author 32,Biography,1970,11
1628,Book 1628,Author 421,Biography,1980,12
1629,Book 1629,Author 340,Non-Fiction,1990,15
1630,Book 1630,Author 135,Mystery,2003,14
1631,Book 1631,Author 496,Fiction,2017,11
1632,Book 1632,Author 118,Mystery,1953,12
1633,Book 1633,Author 457,Biography,1969,1
1634,Book 1634,Author 66,Mystery,1993,1
1635,Book 1635,Author 133,Science,1974,11
1636,Book 1636,Author 124,Science,2012,5
1637,Book 1637,Author 440,Mystery,1971,15
1638,Book 1638,Author 340,Fiction,2015,15
1639,Book 1639,Author 437,Fiction,2023,5
1640,Book 1640,Author 331,Science,1980,14
1641,Book 1641,Author 477,Biography,2007,19
1642,Book 1642,Author 213,Fiction,2020,7
1643,Book 1643,Author 484,Science,1955,5
1644,Book 1644,Author 40,Mystery,2014,8
1645,Book 1645,Author 191,Mystery,2020,16
1646,Book 1646,Author 98,Non-Fiction,2019,16
1647,Book 1647,Author 225,Fiction,2022,7
1648,Book 1648,Author 78,Fiction,1987,4
1649,Book 1649,Author 246,Non-Fiction,2000,1
1650,Book 1650,Author 327,Fiction,1987,20
1651,Book 1651,Author 217,Mystery,1960,11
1652,Book 1652,Author 169,Non-Fiction,1971,19
1653,Book 1653,Author 436,Mystery,1958,9
1654,Book 1654,Author 309,Biography,1986,2
1655,Book 1655,Author 438,Biography,2019,18
1656,Book 1656,Author 84,Non-Fiction,1986,14
1657,Book 1657,Author 148,Mystery,1970,6
1658,Book 1658,Author 50,Science,2001,7
1659,Book 1659,Author 69,Mystery,1957,6
1660,Book 1660,Author 102,Non-Fiction,2008,14
1661,Book 1661,Author 154,Non-Fiction,2012,2
1662,Book 1662,Author 73,Mystery,1983,4
1663,Book 1663,Author 452,Biography,1981,8
1664,Book 1664,Author 19,Non-Fiction,1985,14
1665,Book 1665,Author 164,Non-Fiction,2007,7
1666,Book 1666,Author 6,Mystery,1984,2
1667,Book 1667,Author 467,Biography,2008,10
1668,Book 1668,Author 171,Biography,2002,9
1669,Book 1669,Author 48,Science,1987,10
1670,Book 1670,Author 467,Non-Fiction,1984,5
1671,Book 1671,Author 458,Mystery,1951,16
1672,Book 1672,Author 18,Science,2022,8
1673,Book 1673,Author 52,Biography,2008,15
1674,Book 1674,Author 488,Fiction,1978,19
1675,Book 1675,Author 355,Biography,1993,7
1676,Book 1676,Author 342,Mystery,1985,14
1677,Book 1677,Author 285,Fiction,1966,3
1678,Book 1678,Author 288,Mystery,1990,10
1679,Book 1679,Author 192,Biography,2004,3
1680,Book 1680,Author 208,Biography,1983,13
1681,Book 1681,Author 5,Biography,1994,9
1682,Book 1682,Author 462,Science,1978,13
1683,Book 1683,Author 489,Mystery,1977,8
1684,Book 1684,Author 472,Mystery,1997,18
1685,Book 1685,Author 387,Fiction,1960,6
1686,Book 1686,Author 363,Mystery,2007,12
1687,Book 1687,Author 69,Biography,2023,9
1688,Book 1688,Author 346,Fiction,1970,17
1689,Book 1689,Author 237,Mystery,2001,5
1690,Book 1690,Author 408,Fiction,1989,1
1691,Book 1691,Author 138,Biography,2022,20
1692,Book 1692,Author 266,Non-Fiction,1951,6
1693,Book 1693,Author 12,Biography,1955,5
1694,Book 1694,Author 405,Mystery,1967,4
1695,Book 1695,Author 492,Fiction,2000,11
1696,Book 1696,Author 489,Fiction,2013,6
1697,Book 1697,Author 365,Biography,2012,3
1698,Book 1698,Author 214,Biography,1965,14
1699,Book 1699,Author 361,Science,2002,2
1700,Book 1700,Author 184,Non-Fiction,1966,17
1701,Book 1701,Author 406,Biography,1986,15
1702,Book 1702,Author 309,Non-Fiction,1973,18
1703,Book 1703,Author 32,Fiction,1958,12
1704,Book 1704,Author 204,Mystery,1997,5
1705,Book 1705,Author 140,Biography,1989,16
1706,Book 1706,Author 438,Fiction,1983,7
1707,Book 1707,Author 430,Non-Fiction,1981,19
1708,Book 1708,Author 10,Fiction,2005,13
1709,Book 1709,Author 332,Fiction,2010,14
1710,Book 1710,Author 58,Science,1999,6
1711,Book 1711,Author 30,Fiction,2003,6
1712,Book 1712,Author 490,Mystery,2013,20
1713,Book 1713,Author 211,Fiction,2006,19
1714,Book 1714,Author 48,Mystery,2007,7
1715,Book 1715,Author 411,Mystery,1981,9
1716,Book 1716,Author 85,Mystery,1980,17
1717,Book 1717,Author 468,Biography,2005,12
1718,Book 1718,Author 112,Science,1994,17
1719,Book 1719,Author 63,Mystery,2002,10
1720,Book 1720,Author 77,Science,2009,17
1721,Book 1721,Author 389,Mystery,2003,9
1722,Book 1722,Author 162,Fiction,1991,3
1723,Book 1723,Author 120,Fiction,2008,16
1724,Book 1724,Author 273,Non-Fiction,2001,14
1725,Book 1725,Author 274,Fiction,1988,6
1726,Book 1726,Author 440,Biography,2018,9
1727,Book 1727,Author 351,Mystery,1995,12
1728,Book 1728,Author 120,Mystery,2000,19
1729,Book 1729,Author 160,Biography,2010,17
1730,Book 1730,Author 147,Mystery,2006,10
1731,Book 1731,Author 472,Mystery,2011,4
1732,Book 1732,Author 74,Mystery,2015,20
1733,Book 1733,Author 11,Biography,1951,6
1734,Book 1734,Author 292,Non-Fiction,2001,15
1735,Book 1735,Author 135,Non-Fiction,1985,16
1736,Book 1736,Author 343,Non-Fiction,1979,13
1737,Book 1737,Author 222,Biography,2004,12
1738,Book 1738,Author 216,Fiction,1998,20
1739,Book 1739,Author 55,Mystery,1953,9
1740,Book 1740,Author 119,Fiction,1980,14
1741,Book 1741,Author 31,Biography,1955,2
1742,Book 1742,Author 118,Non-Fiction,1985,2
1743,Book 1743,Author 119,Mystery,1993,8
1744,Book 1744,Author 383,Mystery,1950,6
1745,Book 1745,Author 409,Mystery,2009,14
1746,Book 1746,Author 409,Fiction,1985,3
1747,Book 1747,Author 479,Science,1988,6
1748,Book 1748,Author 4,Non-Fiction,2019,8
1749,Book 1749,Author 153,Biography,1970,8
1750,Book 1750,Author 259,Biography,1985,14
1751,Book 1751,Author 308,Science,1994,7
1752,Book 1752,Author 371,Mystery,1962,13
1753,Book 1753,Author 109,Mystery,1959,9
1754,Book 1754,Author 406,Non-Fiction,1977,18
1755,Book 1755,Author 144,Mystery,1989,5
1756,Book 1756,Author 475,Fiction,2021,16
1757,Book 1757,Author 465,Fiction,2008,16
1758,Book 1758,Author 217,Mystery,1957,13
1759,Book 1759,Author 141,Science,1987,8
1760,Book 1760,Author 358,Science,1957,18
1761,Book 1761,Author 463,Non-Fiction,1997,15
1762,Book 1762,Author 224,Fiction,1981,10
1763,Book 1763,Author 459,Science,2002,13
1764,Book 1764,Author 80,Fiction,1956,12
1765,Book 1765,Author 217,Mystery,2012,11
1766,Book 1766,Author 296,Science,1978,4
1767,Book 1767,Author 282,Non-Fiction,2005,10
1768,Book 1768,Author 47,Biography,1966,18
1769,Book 1769,Author 482,Biography,2014,2
1770,Book 1770,Author 40,Biography,1966,19
1771,Book 1771,Author 438,Fiction,1980,10
1772,Book 1772,Author 94,Science,1969,11
1773,Book 1773,Author 106,Biography,1957,7
1774,Book 1774,Author 249,Non-Fiction,2007,15
1775,Book 1775,Author 267,Non-Fiction,1981,7
1776,Book 1776,Author 69,Fiction,1972,11
1777,Book 1777,Author 252,Fiction,2010,11
1778,Book 1778,Author 449,Fiction,1992,13
1779,Book 1779,Author 441,Non-Fiction,1989,7
1780,Book 1780,Author 45,Science,1996,1
1781,Book 1781,Author 109,Fiction,1992,10
1782,Book 1782,Author 255,Mystery,2013,17
1783,Book 1783,Author 325,Fiction,1976,3
1784,Book 1784,Author 493,Science,2004,14
1785,Book 1785,Author 270,Science,2004,14
1786,Book 1786,Author 391,Biography,1950,10
1787,Book 1787,Author 284,Fiction,2018,10
1788,Book 1788,Author 64,Biography,1953,14
1789,Book 1789,Author 165,Mystery,2013,5
1790,Book 1790,Author 217,Biography,1959,11
1791,Book 1791,Author 400,Biography,1997,6
1792,Book 1792,Author 343,Science,2004,3
1793,Book 1793,Author 187,Biography,2009,5
1794,Book 1794,Author 472,Fiction,1987,6
1795,Book 1795,Author 213,Mystery,1958,11
1796,Book 1796,Author 365,Mystery,1974,18
1797,Book 1797,Author 457,Biography,2018,12
1798,Book 1798,Author 365,Fiction,1994,8
1799,Book 1799,Author 424,Mystery,1982,16
1800,Book 1800,Author 431,Mystery,2015,10
1801,Book 1801,Author 374,Non-Fiction,2013,7
1802,Book 1802,Author 113,Fiction,1957,17
1803,Book 1803,Author 405,Non-Fiction,1983,5
1804,Book 1804,Author 297,Non-Fiction,1960,16
1805,Book 1805,Author 325,Non-Fiction,1951,11
1806,Book 1806,Author 254,Biography,1970,4
1807,Book 1807,Author 269,Biography,1960,12
1808,Book 1808,Author 305,Science,1968,19
1809,Book 1809,Author 314,Mystery,2006,15
1810,Book 1810,Author 341,Non-Fiction,1973,6
1811,Book 1811,Author 45,Biography,2004,18
1812,Book 1812,Author 15,Biography,1953,13
1813,Book 1813,Author 307,Non-Fiction,2021,4
1814,Book 1814,Author 51,Fiction,1953,17
1815,Book 1815,Author 363,Mystery,2007,19
1816,Book 1816,Author 107,Fiction,1984,14
1817,Book 1817,Author 116,Fiction,1968,1
1818,Book 1818,Author 289,Fiction,1992,18
1819,Book 1819,Author 119,Non-Fiction,2008,6
1820,Book 1820,Author 258,Non-Fiction,2007,20
1821,Book 1821,Author 273,Science,1985,11
1822,Book 1822,Author 416,Non-Fiction,1953,11
1823,Book 1823,Author 424,Mystery,1952,20
1824,Book 1824,Author 365,Biography,1977,12
1825,Book 1825,Author 410,Fiction,2019,3
1826,Book 1826,Author 50,Fiction,1978,16
1827,Book 1827,Author 119,Biography,2016,18
1828,Book 1828,Author 186,Biography,1964,17
1829,Book 1829,Author 253,Mystery,2007,12
1830,Book 1830,Author 298,Biography,1989,10
1831,Book 1831,Author 80,Non-Fiction,1973,16
1832,Book 1832,Author 127,Biography,1993,5
1833,Book 1833,Author 172,Non-Fiction,1976,3
1834,Book 1834,Author 445,Non-Fiction,2023,15
1835,Book 1835,Author 282,Non-Fiction,2003,7
1836,Book 1836,Author 144,Mystery,1985,1
1837,Book 1837,Author 116,Non-Fiction,1993,15
1838,Book 1838,Author 480,Science,2006,19
1839,Book 1839,Author 327,Science,1963,10
1840,Book 1840,Author 299,Non-Fiction,2021,1
1841,Book 1841,Author 221,Science,2014,14
1842,Book 1842,Author 391,Mystery,1981,20
1843,Book 1843,Author 210,Mystery,1976,15
1844,Book 1844,Author 265,Biography,1966,9
1845,Book 1845,Author 375,Science,1963,11
1846,Book 1846,Author 424,Non-Fiction,2014,9
1847,Book 1847,Author 331,Non-Fiction,2021,20
1848,Book 1848,Author 423,Biography,1957,3
1849,Book 1849,Author 160,Mystery,1994,17
1850,Book 1850,Author 236,Non-Fiction,2021,3
1851,Book 1851,Author 398,Mystery,1960,9
1852,Book 1852,Author 106,Mystery,1961,7
1853,Book 1853,Author 475,Mystery,1990,6
1854,Book 1854,Author 76,Science,1959,13
1855,Book 1855,Author 361,Fiction,1950,20
1856,Book 1856,Author 213,Fiction,1958,8
1857,Book 1857,Author 282,Biography,1953,8
1858,Book 1858,Author 4,Science,1987,6
1859,Book 1859,Author 156,Biography,1976,5
1860,Book 1860,Author 337,Mystery,1959,5
1861,Book 1861,Author 475,Fiction,1965,4
1862,Book 1862,Author 307,Fiction,2018,1
1863,Book 1863,Author 449,Biography,1964,3
1864,Book 1864,Author 396,Mystery,2002,14
1865,Book 1865,Author 224,Fiction,1989,7
1866,Book 1866,Author 131,Biography,1975,18
1867,Book 1867,Author 482,Fiction,1959,17
1868,Book 1868,Author 406,Mystery,1995,20
1869,Book 1869,Author 256,Biography,1983,9
1870,Book 1870,Author 486,Science,1997,3
1871,Book 1871,Author 480,Non-Fiction,2006,13
1872,Book 1872,Author 438,Fiction,1972,20
1873,Book 1873,Author 367,Fiction,2017,7
1874,Book 1874,Author 187,Mystery,1992,9
1875,Book 1875,Author 189,Non-Fiction,1966,6
1876,Book 1876,Author 259,Science,1966,3
1877,Book 1877,Author 132,Non-Fiction,1951,10
1878,Book 1878,Author 206,Biography,1960,16
1879,Book 1879,Author 190,Science,1962,20
1880,Book 1880,Author 282,Science,1961,1
1881,Book 1881,Author 289,Non-Fiction,2006,8
1882,Book 1882,Author 280,Biography,1984,14
1883,Book 1883,Author 378,Biography,1951,9
1884,Book 1884,Author 492,Fiction,2022,3
1885,Book 1885,Author 428,Biography,2003,18
1886,Book 1886,Author 211,Fiction,1998,14
1887,Book 1887,Author 298,Science,1992,5
1888,Book 1888,Author 139,Science,1968,6
1889,Book 1889,Author 325,Mystery,1985,19
1890,Book 1890,Author 231,Non-Fiction,2012,14
1891,Book 1891,Author 314,Science,1956,1
1892,Book 1892,Author 267,Fiction,1991,18
1893,Book 1893,Author 154,Fiction,1966,6
1894,Book 1894,Author 122,Science,2016,17
1895,Book 1895,Author 268,Non-Fiction,1975,11
1896,Book 1896,Author 471,Non-Fiction,1958,18
1897,Book 1897,Author 236,Biography,1971,12
1898,Book 1898,Author 83,Fiction,1990,2
1899,Book 1899,Author 343,Fiction,1954,10
1900,Book 1900,Author 358,Non-Fiction,2008,2
1901,Book 1901,Author 336,Non-Fiction,1953,10
1902,Book 1902,Author 291,Mystery,2019,16
1903,Book 1903,Author 320,Non-Fiction,2016,7
1904,Book 1904,Author 212,Biography,1997,10
1905,Book 1905,Author 308,Fiction,1993,8
1906,Book 1906,Author 194,Biography,1989,18
1907,Book 1907,Author 236,Fiction,1984,3
1908,Book 1908,Author 392,Fiction,2014,14
1909,Book 1909,Author 374,Biography,1957,8
1910,Book 1910,Author 479,Fiction,1958,16
1911,Book 1911,Author 178,Mystery,1950,13
1912,Book 1912,Author 398,Science,2019,1
1913,Book 1913,Author 413,Fiction,1992,1
1914,Book 1914,Author 378,Science,1962,19
1915,Book 1915,Author 407,Biography,1955,20
1916,Book 1916,Author 109,Science,2002,15
1917,Book 1917,Author 15,Non-Fiction,1999,10
1918,Book 1918,Author 38,Non-Fiction,1988,8
1919,Book 1919,Author 102,Science,1991,8
1920,Book 1920,Author 72,Fiction,2005,7
1921,Book 1921,Author 203,Biography,1953,7
1922,Book 1922,Author 19,Fiction,2019,13
1923,Book 1923,Author 461,Fiction,2002,17
1924,Book 1924,Author 294,Fiction,2008,13
1925,Book 1925,Author 492,Biography,1957,11
1926,Book 1926,Author 87,Mystery,1950,13
1927,Book 1927,Author 293,Fiction,1967,5
1928,Book 1928,Author 295,Fiction,1993,4
1929,Book 1929,Author 233,Fiction,2022,8
1930,Book 1930,Author 45,Biography,1969,2
1931,Book 1931,Author 36,Fiction,1978,17
1932,Book 1932,Author 114,Science,1968,16
1933,Book 1933,Author 128,Non-Fiction,1953,2
1934,Book 1934,Author 140,Science,2018,17
1935,Book 1935,Author 487,Non-Fiction,2019,11
1936,Book 1936,Author 219,Non-Fiction,2020,13
1937,Book 1937,Author 322,Mystery,1957,13
1938,Book 1938,Author 114,Fiction,1977,17
1939,Book 1939,Author 74,Mystery,1979,6
1940,Book 1940,Author 304,Science,2005,18
1941,Book 1941,Author 318,Fiction,1960,5
1942,Book 1942,Author 40,Biography,1951,8
1943,Book 1943,Author 36,Biography,2016,16
1944,Book 1944,Author 299,Science,1963,19
1945,Book 1945,Author 387,Mystery,2016,8
1946,Book 1946,Author 284,Science,1958,17
1947,Book 1947,Author 70,Science,1963,1
1948,Book 1948,Author 445,Science,1982,13
1949,Book 1949,Author 149,Fiction,1955,16
1950,Book 1950,Author 55,Biography,2015,10
1951,Book 1951,Author 108,Fiction,1982,14
1952,Book 1952,Author 258,Fiction,1973,16
1953,Book 1953,Author 100,Science,1994,9
1954,Book 1954,Author 219,Non-Fiction,2000,4
1955,Book 1955,Author 127,Biography,2013,9
1956,Book 1956,Author 32,Fiction,1950,13
1957,Book 1957,Author 397,Non-Fiction,1987,9
1958,Book 1958,Author 168,Biography,2016,14
1959,Book 1959,Author 32,Biography,1989,20
1960,Book 1960,Author 155,Mystery,1960,12
1961,Book 1961,Author 119,Fiction,1984,8
1962,Book 1962,Author 170,Mystery,1991,15
1963,Book 1963,Author 236,Non-Fiction,2009,1
1964,Book 1964,Author 410,Fiction,1992,8
1965,Book 1965,Author 89,Science,1960,8
1966,Book 1966,Author 319,Fiction,1984,5
1967,Book 1967,Author 159,Non-Fiction,1967,2
1968,Book 1968,Author 415,Mystery,1985,10
1969,Book 1969,Author 174,Mystery,2014,3
1970,Book 1970,Author 143,Mystery,1966,6
1971,Book 1971,Author 492,Fiction,1976,8
1972,Book 1972,Author 265,Biography,1977,5
1973,Book 1973,Author 299,Science,1964,16
1974,Book 1974,Author 270,Mystery,2000,5
1975,Book 1975,Author 37,Mystery,2015,3
1976,Book 1976,Author 401,Non-Fiction,2003,13
1977,Book 1977,Author 203,Science,1980,13
1978,Book 1978,Author 278,Biography,1988,13
1979,Book 1979,Author 271,Science,2022,12
1980,Book 1980,Author 112,Fiction,1985,6
1981,Book 1981,Author 325,Science,1998,1
1982,Book 1982,Author 383,Mystery,1994,17
1983,Book 1983,Author 435,Science,2015,11
1984,Book 1984,Author 131,Science,1990,17
1985,Book 1985,Author 102,Non-Fiction,1966,3
1986,Book 1986,Author 30,Biography,2009,5
1987,Book 1987,Author 407,Science,1994,19
1988,Book 1988,Author 184,Science,1972,12
1989,Book 1989,Author 451,Mystery,2004,18
1990,Book 1990,Author 30,Science,2017,10
1991,Book 1991,Author 199,Fiction,2005,8
1992,Book 1992,Author 265,Biography,2000,18
1993,Book 1993,Author 96,Science,1998,7
1994,Book 1994,Author 332,Fiction,1992,1
1995,Book 1995,Author 264,Science,1953,11
1996,Book 1996,Author 408,Fiction,2009,14
1997,Book 1997,Author 106,Biography,2003,17
1998,Book 1998,Author 438,Biography,1978,8
1999,Book 1999,Author 12,Mystery,1958,14
2000,Book 2000,Author 342,Science,1977,16
